fecha,hora,spot,altura_m,periodo_s,dir_swell_deg,viento_kmh,viento_dir_deg,calidad_0_5,feedback_usuario
2026-09-25,00:00,Almenara,0.17,4.8,84,4.5,284,0,
2026-09-25,00:00,Burriana,0.17,4.8,84,4.5,284,0,
2026-09-25,00:00,Gurugu,0.17,4.8,84,4.5,284,0,
2026-09-25,00:00,La Renegà,0.20,4.8,84,4.5,284,1,
2026-09-25,00:00,Nules,0.17,4.8,84,4.5,284,0,
2026-09-25,00:00,Peñíscola N,0.19,4.8,84,4.5,284,0,
2026-09-25,00:00,Pirámides,0.14,4.8,84,4.5,284,0,
2026-09-25,00:00,Planetario,0.17,4.8,84,4.5,284,0,
2026-09-25,00:00,Vinaròs,0.19,4.8,84,4.5,284,0,
2026-09-25,00:00,Voramar,0.09,4.8,84,4.5,284,0,
2026-09-25,01:00,Almenara,0.20,4.7,89,4.6,315,1,
2026-09-25,01:00,Burriana,0.20,4.7,89,4.6,315,1,
2026-09-25,01:00,Gurugu,0.20,4.7,89,4.6,315,1,
2026-09-25,01:00,La Renegà,0.22,4.7,89,4.6,315,1,
2026-09-25,01:00,Nules,0.20,4.7,89,4.6,315,1,
2026-09-25,01:00,Peñíscola N,0.22,4.7,89,4.6,315,1,
2026-09-25,01:00,Pirámides,0.17,4.7,89,4.6,315,0,
2026-09-25,01:00,Planetario,0.20,4.7,89,4.6,315,1,
2026-09-25,01:00,Vinaròs,0.22,4.7,89,4.6,315,1,
2026-09-25,01:00,Voramar,0.12,4.7,89,4.6,315,0,
2026-09-25,02:00,Almenara,0.21,4.6,95,5.8,338,1,
2026-09-25,02:00,Burriana,0.21,4.6,95,5.8,338,1,
2026-09-25,02:00,Gurugu,0.21,4.6,95,5.8,338,1,
2026-09-25,02:00,La Renegà,0.21,4.6,95,5.8,338,1,
2026-09-25,02:00,Nules,0.21,4.6,95,5.8,338,1,
2026-09-25,02:00,Peñíscola N,0.22,4.6,95,5.8,338,1,
2026-09-25,02:00,Pirámides,0.18,4.6,95,5.8,338,0,
2026-09-25,02:00,Planetario,0.21,4.6,95,5.8,338,1,
2026-09-25,02:00,Vinaròs,0.22,4.6,95,5.8,338,1,
2026-09-25,02:00,Voramar,0.14,4.6,95,5.8,338,0,
2026-09-25,03:00,Almenara,0.21,4.5,99,5.8,353,1,
2026-09-25,03:00,Burriana,0.21,4.5,99,5.8,353,1,
2026-09-25,03:00,Gurugu,0.21,4.5,99,5.8,353,1,
2026-09-25,03:00,La Renegà,0.21,4.5,99,5.8,353,1,
2026-09-25,03:00,Nules,0.21,4.5,99,5.8,353,1,
2026-09-25,03:00,Peñíscola N,0.22,4.5,99,5.8,353,1,
2026-09-25,03:00,Pirámides,0.19,4.5,99,5.8,353,0,
2026-09-25,03:00,Planetario,0.21,4.5,99,5.8,353,1,
2026-09-25,03:00,Vinaròs,0.22,4.5,99,5.8,353,1,
2026-09-25,03:00,Voramar,0.15,4.5,99,5.8,353,0,
2026-09-25,04:00,Almenara,0.23,4.5,102,5.1,352,1,
2026-09-25,04:00,Burriana,0.23,4.5,102,5.1,352,1,
2026-09-25,04:00,Gurugu,0.23,4.5,102,5.1,352,1,
2026-09-25,04:00,La Renegà,0.23,4.5,102,5.1,352,1,
2026-09-25,04:00,Nules,0.23,4.5,102,5.1,352,1,
2026-09-25,04:00,Peñíscola N,0.24,4.5,102,5.1,352,1,
2026-09-25,04:00,Pirámides,0.22,4.5,102,5.1,352,1,
2026-09-25,04:00,Planetario,0.23,4.5,102,5.1,352,1,
2026-09-25,04:00,Vinaròs,0.24,4.5,102,5.1,352,1,
2026-09-25,04:00,Voramar,0.18,4.5,102,5.1,352,0,
2026-09-25,05:00,Almenara,0.24,4.5,106,5.5,337,1,
2026-09-25,05:00,Burriana,0.24,4.5,106,5.5,337,1,
2026-09-25,05:00,Gurugu,0.24,4.5,106,5.5,337,1,
2026-09-25,05:00,La Renegà,0.22,4.5,106,5.5,337,1,
2026-09-25,05:00,Nules,0.24,4.5,106,5.5,337,1,
2026-09-25,05:00,Peñíscola N,0.24,4.5,106,5.5,337,1,
2026-09-25,05:00,Pirámides,0.22,4.5,106,5.5,337,1,
2026-09-25,05:00,Planetario,0.24,4.5,106,5.5,337,1,
2026-09-25,05:00,Vinaròs,0.24,4.5,106,5.5,337,1,
2026-09-25,05:00,Voramar,0.19,4.5,106,5.5,337,0,
2026-09-25,06:00,Almenara,0.24,4.4,107,5.7,325,1,
2026-09-25,06:00,Burriana,0.24,4.4,107,5.7,325,1,
2026-09-25,06:00,Gurugu,0.24,4.4,107,5.7,325,1,
2026-09-25,06:00,La Renegà,0.22,4.4,107,5.7,325,1,
2026-09-25,06:00,Nules,0.24,4.4,107,5.7,325,1,
2026-09-25,06:00,Peñíscola N,0.24,4.4,107,5.7,325,1,
2026-09-25,06:00,Pirámides,0.22,4.4,107,5.7,325,1,
2026-09-25,06:00,Planetario,0.24,4.4,107,5.7,325,1,
2026-09-25,06:00,Vinaròs,0.24,4.4,107,5.7,325,1,
2026-09-25,06:00,Voramar,0.19,4.4,107,5.7,325,0,
2026-09-25,07:00,Almenara,0.26,4.4,109,5.7,325,1,
2026-09-25,07:00,Burriana,0.26,4.4,109,5.7,325,1,
2026-09-25,07:00,Gurugu,0.26,4.4,109,5.7,325,1,
2026-09-25,07:00,La Renegà,0.23,4.4,109,5.7,325,1,
2026-09-25,07:00,Nules,0.26,4.4,109,5.7,325,1,
2026-09-25,07:00,Peñíscola N,0.26,4.4,109,5.7,325,1,
2026-09-25,07:00,Pirámides,0.25,4.4,109,5.7,325,1,
2026-09-25,07:00,Planetario,0.26,4.4,109,5.7,325,1,
2026-09-25,07:00,Vinaròs,0.26,4.4,109,5.7,325,1,
2026-09-25,07:00,Voramar,0.21,4.4,109,5.7,325,1,
2026-09-25,08:00,Almenara,0.26,4.4,110,6.0,327,1,
2026-09-25,08:00,Burriana,0.26,4.4,110,6.0,327,1,
2026-09-25,08:00,Gurugu,0.26,4.4,110,6.0,327,1,
2026-09-25,08:00,La Renegà,0.23,4.4,110,6.0,327,1,
2026-09-25,08:00,Nules,0.26,4.4,110,6.0,327,1,
2026-09-25,08:00,Peñíscola N,0.26,4.4,110,6.0,327,1,
2026-09-25,08:00,Pirámides,0.25,4.4,110,6.0,327,1,
2026-09-25,08:00,Planetario,0.26,4.4,110,6.0,327,1,
2026-09-25,08:00,Vinaròs,0.26,4.4,110,6.0,327,1,
2026-09-25,08:00,Voramar,0.22,4.4,110,6.0,327,1,
2026-09-25,09:00,Almenara,0.26,4.4,109,5.5,328,1,
2026-09-25,09:00,Burriana,0.26,4.4,109,5.5,328,1,
2026-09-25,09:00,Gurugu,0.26,4.4,109,5.5,328,1,
2026-09-25,09:00,La Renegà,0.23,4.4,109,5.5,328,1,
2026-09-25,09:00,Nules,0.26,4.4,109,5.5,328,1,
2026-09-25,09:00,Peñíscola N,0.26,4.4,109,5.5,328,1,
2026-09-25,09:00,Pirámides,0.25,4.4,109,5.5,328,1,
2026-09-25,09:00,Planetario,0.26,4.4,109,5.5,328,1,
2026-09-25,09:00,Vinaròs,0.26,4.4,109,5.5,328,1,
2026-09-25,09:00,Voramar,0.21,4.4,109,5.5,328,1,
2026-09-25,10:00,Almenara,0.24,4.5,109,2.1,329,1,
2026-09-25,10:00,Burriana,0.24,4.5,109,2.1,329,1,
2026-09-25,10:00,Gurugu,0.24,4.5,109,2.1,329,1,
2026-09-25,10:00,La Renegà,0.21,4.5,109,2.1,329,1,
2026-09-25,10:00,Nules,0.24,4.5,109,2.1,329,1,
2026-09-25,10:00,Peñíscola N,0.24,4.5,109,2.1,329,1,
2026-09-25,10:00,Pirámides,0.23,4.5,109,2.1,329,1,
2026-09-25,10:00,Planetario,0.24,4.5,109,2.1,329,1,
2026-09-25,10:00,Vinaròs,0.24,4.5,109,2.1,329,1,
2026-09-25,10:00,Voramar,0.20,4.5,109,2.1,329,1,
2026-09-25,11:00,Almenara,0.24,4.5,108,4.1,142,1,
2026-09-25,11:00,Burriana,0.24,4.5,108,4.1,142,1,
2026-09-25,11:00,Gurugu,0.24,4.5,108,4.1,142,1,
2026-09-25,11:00,La Renegà,0.22,4.5,108,4.1,142,1,
2026-09-25,11:00,Nules,0.24,4.5,108,4.1,142,1,
2026-09-25,11:00,Peñíscola N,0.24,4.5,108,4.1,142,1,
2026-09-25,11:00,Pirámides,0.23,4.5,108,4.1,142,1,
2026-09-25,11:00,Planetario,0.24,4.5,108,4.1,142,1,
2026-09-25,11:00,Vinaròs,0.24,4.5,108,4.1,142,1,
2026-09-25,11:00,Voramar,0.19,4.5,108,4.1,142,0,
2026-09-25,12:00,Almenara,0.24,4.5,107,7.5,125,1,
2026-09-25,12:00,Burriana,0.24,4.5,107,7.5,125,1,
2026-09-25,12:00,Gurugu,0.24,4.5,107,7.5,125,1,
2026-09-25,12:00,La Renegà,0.22,4.5,107,7.5,125,1,
2026-09-25,12:00,Nules,0.24,4.5,107,7.5,125,1,
2026-09-25,12:00,Peñíscola N,0.24,4.5,107,7.5,125,1,
2026-09-25,12:00,Pirámides,0.22,4.5,107,7.5,125,1,
2026-09-25,12:00,Planetario,0.24,4.5,107,7.5,125,1,
2026-09-25,12:00,Vinaròs,0.24,4.5,107,7.5,125,1,
2026-09-25,12:00,Voramar,0.19,4.5,107,7.5,125,0,
2026-09-25,13:00,Almenara,0.22,4.5,106,9.1,124,1,
2026-09-25,13:00,Burriana,0.22,4.5,106,9.1,124,1,
2026-09-25,13:00,Gurugu,0.22,4.5,106,9.1,124,1,
2026-09-25,13:00,La Renegà,0.20,4.5,106,9.1,124,1,
2026-09-25,13:00,Nules,0.22,4.5,106,9.1,124,1,
2026-09-25,13:00,Peñíscola N,0.22,4.5,106,9.1,124,1,
2026-09-25,13:00,Pirámides,0.20,4.5,106,9.1,124,1,
2026-09-25,13:00,Planetario,0.22,4.5,106,9.1,124,1,
2026-09-25,13:00,Vinaròs,0.22,4.5,106,9.1,124,1,
2026-09-25,13:00,Voramar,0.17,4.5,106,9.1,124,0,
2026-09-25,14:00,Almenara,0.22,4.5,105,10.5,112,1,
2026-09-25,14:00,Burriana,0.22,4.5,105,10.5,112,1,
2026-09-25,14:00,Gurugu,0.22,4.5,105,10.5,112,1,
2026-09-25,14:00,La Renegà,0.20,4.5,105,10.5,112,1,
2026-09-25,14:00,Nules,0.22,4.5,105,10.5,112,1,
2026-09-25,14:00,Peñíscola N,0.22,4.5,105,10.5,112,1,
2026-09-25,14:00,Pirámides,0.20,4.5,105,10.5,112,1,
2026-09-25,14:00,Planetario,0.22,4.5,105,10.5,112,1,
2026-09-25,14:00,Vinaròs,0.22,4.5,105,10.5,112,1,
2026-09-25,14:00,Voramar,0.17,4.5,105,10.5,112,0,
2026-09-25,15:00,Almenara,0.22,4.5,104,10.9,99,1,
2026-09-25,15:00,Burriana,0.22,4.5,104,10.9,99,1,
2026-09-25,15:00,Gurugu,0.22,4.5,104,10.9,99,1,
2026-09-25,15:00,La Renegà,0.20,4.5,104,10.9,99,1,
2026-09-25,15:00,Nules,0.22,4.5,104,10.9,99,1,
2026-09-25,15:00,Peñíscola N,0.22,4.5,104,10.9,99,1,
2026-09-25,15:00,Pirámides,0.20,4.5,104,10.9,99,1,
2026-09-25,15:00,Planetario,0.22,4.5,104,10.9,99,1,
2026-09-25,15:00,Vinaròs,0.22,4.5,104,10.9,99,1,
2026-09-25,15:00,Voramar,0.17,4.5,104,10.9,99,0,
2026-09-25,16:00,Almenara,0.20,4.5,104,9.7,105,1,
2026-09-25,16:00,Burriana,0.20,4.5,104,9.7,105,1,
2026-09-25,16:00,Gurugu,0.20,4.5,104,9.7,105,1,
2026-09-25,16:00,La Renegà,0.19,4.5,104,9.7,105,0,
2026-09-25,16:00,Nules,0.20,4.5,104,9.7,105,1,
2026-09-25,16:00,Peñíscola N,0.20,4.5,104,9.7,105,1,
2026-09-25,16:00,Pirámides,0.18,4.5,104,9.7,105,0,
2026-09-25,16:00,Planetario,0.20,4.5,104,9.7,105,1,
2026-09-25,16:00,Vinaròs,0.20,4.5,104,9.7,105,1,
2026-09-25,16:00,Voramar,0.15,4.5,104,9.7,105,0,
2026-09-25,17:00,Almenara,0.19,4.5,103,7.1,114,0,
2026-09-25,17:00,Burriana,0.19,4.5,103,7.1,114,0,
2026-09-25,17:00,Gurugu,0.19,4.5,103,7.1,114,0,
2026-09-25,17:00,La Renegà,0.19,4.5,103,7.1,114,0,
2026-09-25,17:00,Nules,0.19,4.5,103,7.1,114,0,
2026-09-25,17:00,Peñíscola N,0.20,4.5,103,7.1,114,1,
2026-09-25,17:00,Pirámides,0.18,4.5,103,7.1,114,0,
2026-09-25,17:00,Planetario,0.19,4.5,103,7.1,114,0,
2026-09-25,17:00,Vinaròs,0.20,4.5,103,7.1,114,1,
2026-09-25,17:00,Voramar,0.15,4.5,103,7.1,114,0,
2026-09-25,18:00,Almenara,0.19,4.5,102,5.6,117,0,
2026-09-25,18:00,Burriana,0.19,4.5,102,5.6,117,0,
2026-09-25,18:00,Gurugu,0.19,4.5,102,5.6,117,0,
2026-09-25,18:00,La Renegà,0.19,4.5,102,5.6,117,0,
2026-09-25,18:00,Nules,0.19,4.5,102,5.6,117,0,
2026-09-25,18:00,Peñíscola N,0.20,4.5,102,5.6,117,1,
2026-09-25,18:00,Pirámides,0.18,4.5,102,5.6,117,0,
2026-09-25,18:00,Planetario,0.19,4.5,102,5.6,117,0,
2026-09-25,18:00,Vinaròs,0.20,4.5,102,5.6,117,1,
2026-09-25,18:00,Voramar,0.15,4.5,102,5.6,117,0,
2026-09-25,19:00,Almenara,0.17,4.5,101,5.2,102,0,
2026-09-25,19:00,Burriana,0.17,4.5,101,5.2,102,0,
2026-09-25,19:00,Gurugu,0.17,4.5,101,5.2,102,0,
2026-09-25,19:00,La Renegà,0.17,4.5,101,5.2,102,0,
2026-09-25,19:00,Nules,0.17,4.5,101,5.2,102,0,
2026-09-25,19:00,Peñíscola N,0.18,4.5,101,5.2,102,0,
2026-09-25,19:00,Pirámides,0.16,4.5,101,5.2,102,0,
2026-09-25,19:00,Planetario,0.17,4.5,101,5.2,102,0,
2026-09-25,19:00,Vinaròs,0.18,4.5,101,5.2,102,0,
2026-09-25,19:00,Voramar,0.13,4.5,101,5.2,102,0,
2026-09-25,20:00,Almenara,0.17,4.5,100,5.1,86,0,
2026-09-25,20:00,Burriana,0.17,4.5,100,5.1,86,0,
2026-09-25,20:00,Gurugu,0.17,4.5,100,5.1,86,0,
2026-09-25,20:00,La Renegà,0.17,4.5,100,5.1,86,0,
2026-09-25,20:00,Nules,0.17,4.5,100,5.1,86,0,
2026-09-25,20:00,Peñíscola N,0.18,4.5,100,5.1,86,0,
2026-09-25,20:00,Pirámides,0.16,4.5,100,5.1,86,0,
2026-09-25,20:00,Planetario,0.17,4.5,100,5.1,86,0,
2026-09-25,20:00,Vinaròs,0.18,4.5,100,5.1,86,0,
2026-09-25,20:00,Voramar,0.13,4.5,100,5.1,86,0,
2026-09-25,21:00,Almenara,0.15,4.5,100,3.4,32,0,
2026-09-25,21:00,Burriana,0.15,4.5,100,3.4,32,0,
2026-09-25,21:00,Gurugu,0.15,4.5,100,3.4,32,0,
2026-09-25,21:00,La Renegà,0.15,4.5,100,3.4,32,0,
2026-09-25,21:00,Nules,0.15,4.5,100,3.4,32,0,
2026-09-25,21:00,Peñíscola N,0.16,4.5,100,3.4,32,0,
2026-09-25,21:00,Pirámides,0.14,4.5,100,3.4,32,0,
2026-09-25,21:00,Planetario,0.15,4.5,100,3.4,32,0,
2026-09-25,21:00,Vinaròs,0.16,4.5,100,3.4,32,0,
2026-09-25,21:00,Voramar,0.11,4.5,100,3.4,32,0,
2026-09-25,22:00,Almenara,0.15,4.5,101,4.0,333,0,
2026-09-25,22:00,Burriana,0.15,4.5,101,4.0,333,0,
2026-09-25,22:00,Gurugu,0.15,4.5,101,4.0,333,0,
2026-09-25,22:00,La Renegà,0.15,4.5,101,4.0,333,0,
2026-09-25,22:00,Nules,0.15,4.5,101,4.0,333,0,
2026-09-25,22:00,Peñíscola N,0.16,4.5,101,4.0,333,0,
2026-09-25,22:00,Pirámides,0.14,4.5,101,4.0,333,0,
2026-09-25,22:00,Planetario,0.15,4.5,101,4.0,333,0,
2026-09-25,22:00,Vinaròs,0.16,4.5,101,4.0,333,0,
2026-09-25,22:00,Voramar,0.12,4.5,101,4.0,333,0,
2026-09-25,23:00,Almenara,0.14,4.5,101,4.9,324,0,
2026-09-25,23:00,Burriana,0.14,4.5,101,4.9,324,0,
2026-09-25,23:00,Gurugu,0.14,4.5,101,4.9,324,0,
2026-09-25,23:00,La Renegà,0.13,4.5,101,4.9,324,0,
2026-09-25,23:00,Nules,0.14,4.5,101,4.9,324,0,
2026-09-25,23:00,Peñíscola N,0.14,4.5,101,4.9,324,0,
2026-09-25,23:00,Pirámides,0.12,4.5,101,4.9,324,0,
2026-09-25,23:00,Planetario,0.14,4.5,101,4.9,324,0,
2026-09-25,23:00,Vinaròs,0.14,4.5,101,4.9,324,0,
2026-09-25,23:00,Voramar,0.10,4.5,101,4.9,324,0,
2026-09-26,00:00,Almenara,0.18,5.5,93,5.5,328,0,
2026-09-26,00:00,Burriana,0.18,5.5,93,5.5,328,0,
2026-09-26,00:00,Gurugu,0.18,5.5,93,5.5,328,0,
2026-09-26,00:00,La Renegà,0.20,5.5,93,5.5,328,1,
2026-09-26,00:00,Nules,0.18,5.5,93,5.5,328,0,
2026-09-26,00:00,Peñíscola N,0.20,5.5,93,5.5,328,1,
2026-09-26,00:00,Pirámides,0.16,5.5,93,5.5,328,0,
2026-09-26,00:00,Planetario,0.18,5.5,93,5.5,328,0,
2026-09-26,00:00,Vinaròs,0.20,5.5,93,5.5,328,1,
2026-09-26,00:00,Voramar,0.12,5.5,93,5.5,328,0,
2026-09-26,01:00,Almenara,0.17,5.5,96,6.5,326,0,
2026-09-26,01:00,Burriana,0.17,5.5,96,6.5,326,0,
2026-09-26,01:00,Gurugu,0.17,5.5,96,6.5,326,0,
2026-09-26,01:00,La Renegà,0.17,5.5,96,6.5,326,0,
2026-09-26,01:00,Nules,0.17,5.5,96,6.5,326,0,
2026-09-26,01:00,Peñíscola N,0.18,5.5,96,6.5,326,0,
2026-09-26,01:00,Pirámides,0.15,5.5,96,6.5,326,0,
2026-09-26,01:00,Planetario,0.17,5.5,96,6.5,326,0,
2026-09-26,01:00,Vinaròs,0.18,5.5,96,6.5,326,0,
2026-09-26,01:00,Voramar,0.12,5.5,96,6.5,326,0,
2026-09-26,02:00,Almenara,0.17,5.4,98,6.1,332,0,
2026-09-26,02:00,Burriana,0.17,5.4,98,6.1,332,0,
2026-09-26,02:00,Gurugu,0.17,5.4,98,6.1,332,0,
2026-09-26,02:00,La Renegà,0.17,5.4,98,6.1,332,0,
2026-09-26,02:00,Nules,0.17,5.4,98,6.1,332,0,
2026-09-26,02:00,Peñíscola N,0.18,5.4,98,6.1,332,0,
2026-09-26,02:00,Pirámides,0.16,5.4,98,6.1,332,0,
2026-09-26,02:00,Planetario,0.17,5.4,98,6.1,332,0,
2026-09-26,02:00,Vinaròs,0.18,5.4,98,6.1,332,0,
2026-09-26,02:00,Voramar,0.12,5.4,98,6.1,332,0,
2026-09-26,03:00,Almenara,0.17,5.3,100,6.3,336,0,
2026-09-26,03:00,Burriana,0.17,5.3,100,6.3,336,0,
2026-09-26,03:00,Gurugu,0.17,5.3,100,6.3,336,0,
2026-09-26,03:00,La Renegà,0.17,5.3,100,6.3,336,0,
2026-09-26,03:00,Nules,0.17,5.3,100,6.3,336,0,
2026-09-26,03:00,Peñíscola N,0.18,5.3,100,6.3,336,0,
2026-09-26,03:00,Pirámides,0.16,5.3,100,6.3,336,0,
2026-09-26,03:00,Planetario,0.17,5.3,100,6.3,336,0,
2026-09-26,03:00,Vinaròs,0.18,5.3,100,6.3,336,0,
2026-09-26,03:00,Voramar,0.13,5.3,100,6.3,336,0,
2026-09-26,04:00,Almenara,0.16,5.2,102,6.3,336,0,
2026-09-26,04:00,Burriana,0.16,5.2,102,6.3,336,0,
2026-09-26,04:00,Gurugu,0.16,5.2,102,6.3,336,0,
2026-09-26,04:00,La Renegà,0.15,5.2,102,6.3,336,0,
2026-09-26,04:00,Nules,0.16,5.2,102,6.3,336,0,
2026-09-26,04:00,Peñíscola N,0.16,5.2,102,6.3,336,0,
2026-09-26,04:00,Pirámides,0.14,5.2,102,6.3,336,0,
2026-09-26,04:00,Planetario,0.16,5.2,102,6.3,336,0,
2026-09-26,04:00,Vinaròs,0.16,5.2,102,6.3,336,0,
2026-09-26,04:00,Voramar,0.12,5.2,102,6.3,336,0,
2026-09-26,05:00,Almenara,0.16,5.2,104,6.3,336,0,
2026-09-26,05:00,Burriana,0.16,5.2,104,6.3,336,0,
2026-09-26,05:00,Gurugu,0.16,5.2,104,6.3,336,0,
2026-09-26,05:00,La Renegà,0.15,5.2,104,6.3,336,0,
2026-09-26,05:00,Nules,0.16,5.2,104,6.3,336,0,
2026-09-26,05:00,Peñíscola N,0.16,5.2,104,6.3,336,0,
2026-09-26,05:00,Pirámides,0.15,5.2,104,6.3,336,0,
2026-09-26,05:00,Planetario,0.16,5.2,104,6.3,336,0,
2026-09-26,05:00,Vinaròs,0.16,5.2,104,6.3,336,0,
2026-09-26,05:00,Voramar,0.12,5.2,104,6.3,336,0,
2026-09-26,06:00,Almenara,0.16,5.0,105,6.5,341,0,
2026-09-26,06:00,Burriana,0.16,5.0,105,6.5,341,0,
2026-09-26,06:00,Gurugu,0.16,5.0,105,6.5,341,0,
2026-09-26,06:00,La Renegà,0.15,5.0,105,6.5,341,0,
2026-09-26,06:00,Nules,0.16,5.0,105,6.5,341,0,
2026-09-26,06:00,Peñíscola N,0.16,5.0,105,6.5,341,0,
2026-09-26,06:00,Pirámides,0.15,5.0,105,6.5,341,0,
2026-09-26,06:00,Planetario,0.16,5.0,105,6.5,341,0,
2026-09-26,06:00,Vinaròs,0.16,5.0,105,6.5,341,0,
2026-09-26,06:00,Voramar,0.12,5.0,105,6.5,341,0,
2026-09-26,07:00,Almenara,0.14,5.0,105,6.6,347,0,
2026-09-26,07:00,Burriana,0.14,5.0,105,6.6,347,0,
2026-09-26,07:00,Gurugu,0.14,5.0,105,6.6,347,0,
2026-09-26,07:00,La Renegà,0.13,5.0,105,6.6,347,0,
2026-09-26,07:00,Nules,0.14,5.0,105,6.6,347,0,
2026-09-26,07:00,Peñíscola N,0.14,5.0,105,6.6,347,0,
2026-09-26,07:00,Pirámides,0.13,5.0,105,6.6,347,0,
2026-09-26,07:00,Planetario,0.14,5.0,105,6.6,347,0,
2026-09-26,07:00,Vinaròs,0.14,5.0,105,6.6,347,0,
2026-09-26,07:00,Voramar,0.11,5.0,105,6.6,347,0,
2026-09-26,08:00,Almenara,0.14,4.8,106,7.2,354,0,
2026-09-26,08:00,Burriana,0.14,4.8,106,7.2,354,0,
2026-09-26,08:00,Gurugu,0.14,4.8,106,7.2,354,0,
2026-09-26,08:00,La Renegà,0.13,4.8,106,7.2,354,0,
2026-09-26,08:00,Nules,0.14,4.8,106,7.2,354,0,
2026-09-26,08:00,Peñíscola N,0.14,4.8,106,7.2,354,0,
2026-09-26,08:00,Pirámides,0.13,4.8,106,7.2,354,0,
2026-09-26,08:00,Planetario,0.14,4.8,106,7.2,354,0,
2026-09-26,08:00,Vinaròs,0.14,4.8,106,7.2,354,0,
2026-09-26,08:00,Voramar,0.11,4.8,106,7.2,354,0,
2026-09-26,09:00,Almenara,0.14,4.8,104,6.8,360,0,
2026-09-26,09:00,Burriana,0.14,4.8,104,6.8,360,0,
2026-09-26,09:00,Gurugu,0.14,4.8,104,6.8,360,0,
2026-09-26,09:00,La Renegà,0.13,4.8,104,6.8,360,0,
2026-09-26,09:00,Nules,0.14,4.8,104,6.8,360,0,
2026-09-26,09:00,Peñíscola N,0.14,4.8,104,6.8,360,0,
2026-09-26,09:00,Pirámides,0.13,4.8,104,6.8,360,0,
2026-09-26,09:00,Planetario,0.14,4.8,104,6.8,360,0,
2026-09-26,09:00,Vinaròs,0.14,4.8,104,6.8,360,0,
2026-09-26,09:00,Voramar,0.11,4.8,104,6.8,360,0,
2026-09-26,10:00,Almenara,0.14,4.8,103,4.8,13,0,
2026-09-26,10:00,Burriana,0.14,4.8,103,4.8,13,0,
2026-09-26,10:00,Gurugu,0.14,4.8,103,4.8,13,0,
2026-09-26,10:00,La Renegà,0.13,4.8,103,4.8,13,0,
2026-09-26,10:00,Nules,0.14,4.8,103,4.8,13,0,
2026-09-26,10:00,Peñíscola N,0.14,4.8,103,4.8,13,0,
2026-09-26,10:00,Pirámides,0.13,4.8,103,4.8,13,0,
2026-09-26,10:00,Planetario,0.14,4.8,103,4.8,13,0,
2026-09-26,10:00,Vinaròs,0.14,4.8,103,4.8,13,0,
2026-09-26,10:00,Voramar,0.11,4.8,103,4.8,13,0,
2026-09-26,11:00,Almenara,0.14,4.7,101,7.2,63,0,
2026-09-26,11:00,Burriana,0.14,4.7,101,7.2,63,0,
2026-09-26,11:00,Gurugu,0.14,4.7,101,7.2,63,0,
2026-09-26,11:00,La Renegà,0.13,4.7,101,7.2,63,0,
2026-09-26,11:00,Nules,0.14,4.7,101,7.2,63,0,
2026-09-26,11:00,Peñíscola N,0.14,4.7,101,7.2,63,0,
2026-09-26,11:00,Pirámides,0.12,4.7,101,7.2,63,0,
2026-09-26,11:00,Planetario,0.14,4.7,101,7.2,63,0,
2026-09-26,11:00,Vinaròs,0.14,4.7,101,7.2,63,0,
2026-09-26,11:00,Voramar,0.10,4.7,101,7.2,63,0,
2026-09-26,12:00,Almenara,0.13,4.7,98,9.0,90,0,
2026-09-26,12:00,Burriana,0.13,4.7,98,9.0,90,0,
2026-09-26,12:00,Gurugu,0.13,4.7,98,9.0,90,0,
2026-09-26,12:00,La Renegà,0.13,4.7,98,9.0,90,0,
2026-09-26,12:00,Nules,0.13,4.7,98,9.0,90,0,
2026-09-26,12:00,Peñíscola N,0.14,4.7,98,9.0,90,0,
2026-09-26,12:00,Pirámides,0.12,4.7,98,9.0,90,0,
2026-09-26,12:00,Planetario,0.13,4.7,98,9.0,90,0,
2026-09-26,12:00,Vinaròs,0.14,4.7,98,9.0,90,0,
2026-09-26,12:00,Voramar,0.10,4.7,98,9.0,90,0,
2026-09-26,13:00,Almenara,0.11,4.7,94,10.5,106,0,
2026-09-26,13:00,Burriana,0.11,4.7,94,10.5,106,0,
2026-09-26,13:00,Gurugu,0.11,4.7,94,10.5,106,0,
2026-09-26,13:00,La Renegà,0.12,4.7,94,10.5,106,0,
2026-09-26,13:00,Nules,0.11,4.7,94,10.5,106,0,
2026-09-26,13:00,Peñíscola N,0.12,4.7,94,10.5,106,0,
2026-09-26,13:00,Pirámides,0.10,4.7,94,10.5,106,0,
2026-09-26,13:00,Planetario,0.11,4.7,94,10.5,106,0,
2026-09-26,13:00,Vinaròs,0.12,4.7,94,10.5,106,0,
2026-09-26,13:00,Voramar,0.08,4.7,94,10.5,106,0,
2026-09-26,14:00,Almenara,0.11,4.7,91,11.8,113,0,
2026-09-26,14:00,Burriana,0.11,4.7,91,11.8,113,0,
2026-09-26,14:00,Gurugu,0.11,4.7,91,11.8,113,0,
2026-09-26,14:00,La Renegà,0.12,4.7,91,11.8,113,0,
2026-09-26,14:00,Nules,0.11,4.7,91,11.8,113,0,
2026-09-26,14:00,Peñíscola N,0.12,4.7,91,11.8,113,0,
2026-09-26,14:00,Pirámides,0.10,4.7,91,11.8,113,0,
2026-09-26,14:00,Planetario,0.11,4.7,91,11.8,113,0,
2026-09-26,14:00,Vinaròs,0.12,4.7,91,11.8,113,0,
2026-09-26,14:00,Voramar,0.07,4.7,91,11.8,113,0,
2026-09-26,15:00,Almenara,0.10,4.8,87,12.4,116,0,
2026-09-26,15:00,Burriana,0.10,4.8,87,12.4,116,0,
2026-09-26,15:00,Gurugu,0.10,4.8,87,12.4,116,0,
2026-09-26,15:00,La Renegà,0.12,4.8,87,12.4,116,0,
2026-09-26,15:00,Nules,0.10,4.8,87,12.4,116,0,
2026-09-26,15:00,Peñíscola N,0.12,4.8,87,12.4,116,0,
2026-09-26,15:00,Pirámides,0.09,4.8,87,12.4,116,0,
2026-09-26,15:00,Planetario,0.10,4.8,87,12.4,116,0,
2026-09-26,15:00,Vinaròs,0.12,4.8,87,12.4,116,0,
2026-09-26,15:00,Voramar,0.06,4.8,87,12.4,116,0,
2026-09-26,16:00,Almenara,0.10,4.8,84,11.5,122,0,
2026-09-26,16:00,Burriana,0.10,4.8,84,11.5,122,0,
2026-09-26,16:00,Gurugu,0.10,4.8,84,11.5,122,0,
2026-09-26,16:00,La Renegà,0.12,4.8,84,11.5,122,0,
2026-09-26,16:00,Nules,0.10,4.8,84,11.5,122,0,
2026-09-26,16:00,Peñíscola N,0.12,4.8,84,11.5,122,0,
2026-09-26,16:00,Pirámides,0.09,4.8,84,11.5,122,0,
2026-09-26,16:00,Planetario,0.10,4.8,84,11.5,122,0,
2026-09-26,16:00,Vinaròs,0.12,4.8,84,11.5,122,0,
2026-09-26,16:00,Voramar,0.06,4.8,84,11.5,122,0,
2026-09-26,17:00,Almenara,0.10,4.8,80,11.0,131,0,
2026-09-26,17:00,Burriana,0.10,4.8,80,11.0,131,0,
2026-09-26,17:00,Gurugu,0.10,4.8,80,11.0,131,0,
2026-09-26,17:00,La Renegà,0.12,4.8,80,11.0,131,0,
2026-09-26,17:00,Nules,0.10,4.8,80,11.0,131,0,
2026-09-26,17:00,Peñíscola N,0.11,4.8,80,11.0,131,0,
2026-09-26,17:00,Pirámides,0.08,4.8,80,11.0,131,0,
2026-09-26,17:00,Planetario,0.10,4.8,80,11.0,131,0,
2026-09-26,17:00,Vinaròs,0.11,4.8,80,11.0,131,0,
2026-09-26,17:00,Voramar,0.05,4.8,80,11.0,131,0,
2026-09-26,18:00,Almenara,0.09,4.8,77,8.4,130,0,
2026-09-26,18:00,Burriana,0.09,4.8,77,8.4,130,0,
2026-09-26,18:00,Gurugu,0.09,4.8,77,8.4,130,0,
2026-09-26,18:00,La Renegà,0.12,4.8,77,8.4,130,0,
2026-09-26,18:00,Nules,0.09,4.8,77,8.4,130,0,
2026-09-26,18:00,Peñíscola N,0.11,4.8,77,8.4,130,0,
2026-09-26,18:00,Pirámides,0.07,4.8,77,8.4,130,0,
2026-09-26,18:00,Planetario,0.09,4.8,77,8.4,130,0,
2026-09-26,18:00,Vinaròs,0.11,4.8,77,8.4,130,0,
2026-09-26,18:00,Voramar,0.04,4.8,77,8.4,130,0,
2026-09-26,19:00,Almenara,0.11,4.8,75,6.1,135,0,
2026-09-26,19:00,Burriana,0.10,4.8,75,6.1,135,0,
2026-09-26,19:00,Gurugu,0.10,4.8,75,6.1,135,0,
2026-09-26,19:00,La Renegà,0.14,4.8,75,6.1,135,0,
2026-09-26,19:00,Nules,0.11,4.8,75,6.1,135,0,
2026-09-26,19:00,Peñíscola N,0.13,4.8,75,6.1,135,0,
2026-09-26,19:00,Pirámides,0.08,4.8,75,6.1,135,0,
2026-09-26,19:00,Planetario,0.10,4.8,75,6.1,135,0,
2026-09-26,19:00,Vinaròs,0.13,4.8,75,6.1,135,0,
2026-09-26,19:00,Voramar,0.04,4.8,75,6.1,135,0,
2026-09-26,20:00,Almenara,0.10,4.8,72,1.8,169,0,
2026-09-26,20:00,Burriana,0.10,4.8,72,1.8,169,0,
2026-09-26,20:00,Gurugu,0.10,4.8,72,1.8,169,0,
2026-09-26,20:00,La Renegà,0.14,4.8,72,1.8,169,0,
2026-09-26,20:00,Nules,0.10,4.8,72,1.8,169,0,
2026-09-26,20:00,Peñíscola N,0.12,4.8,72,1.8,169,0,
2026-09-26,20:00,Pirámides,0.08,4.8,72,1.8,169,0,
2026-09-26,20:00,Planetario,0.10,4.8,72,1.8,169,0,
2026-09-26,20:00,Vinaròs,0.12,4.8,72,1.8,169,0,
2026-09-26,20:00,Voramar,0.04,4.8,72,1.8,169,0,
2026-09-26,21:00,Almenara,0.10,4.8,74,2.3,231,0,
2026-09-26,21:00,Burriana,0.10,4.8,74,2.3,231,0,
2026-09-26,21:00,Gurugu,0.10,4.8,74,2.3,231,0,
2026-09-26,21:00,La Renegà,0.14,4.8,74,2.3,231,0,
2026-09-26,21:00,Nules,0.10,4.8,74,2.3,231,0,
2026-09-26,21:00,Peñíscola N,0.13,4.8,74,2.3,231,0,
2026-09-26,21:00,Pirámides,0.08,4.8,74,2.3,231,0,
2026-09-26,21:00,Planetario,0.10,4.8,74,2.3,231,0,
2026-09-26,21:00,Vinaròs,0.13,4.8,74,2.3,231,0,
2026-09-26,21:00,Voramar,0.04,4.8,74,2.3,231,0,
2026-09-26,22:00,Almenara,0.12,4.8,77,2.6,254,0,
2026-09-26,22:00,Burriana,0.12,4.8,77,2.6,254,0,
2026-09-26,22:00,Gurugu,0.12,4.8,77,2.6,254,0,
2026-09-26,22:00,La Renegà,0.16,4.8,77,2.6,254,0,
2026-09-26,22:00,Nules,0.12,4.8,77,2.6,254,0,
2026-09-26,22:00,Peñíscola N,0.15,4.8,77,2.6,254,0,
2026-09-26,22:00,Pirámides,0.10,4.8,77,2.6,254,0,
2026-09-26,22:00,Planetario,0.12,4.8,77,2.6,254,0,
2026-09-26,22:00,Vinaròs,0.15,4.8,77,2.6,254,0,
2026-09-26,22:00,Voramar,0.05,4.8,77,2.6,254,0,
2026-09-26,23:00,Almenara,0.13,4.7,79,3.3,276,0,
2026-09-26,23:00,Burriana,0.13,4.7,79,3.3,276,0,
2026-09-26,23:00,Gurugu,0.13,4.7,79,3.3,276,0,
2026-09-26,23:00,La Renegà,0.16,4.7,79,3.3,276,0,
2026-09-26,23:00,Nules,0.13,4.7,79,3.3,276,0,
2026-09-26,23:00,Peñíscola N,0.15,4.7,79,3.3,276,0,
2026-09-26,23:00,Pirámides,0.10,4.7,79,3.3,276,0,
2026-09-26,23:00,Planetario,0.13,4.7,79,3.3,276,0,
2026-09-26,23:00,Vinaròs,0.15,4.7,79,3.3,276,0,
2026-09-26,23:00,Voramar,0.06,4.7,79,3.3,276,0,
2026-09-27,00:00,Almenara,0.14,4.8,77,3.9,326,0,
2026-09-27,00:00,Burriana,0.14,4.8,77,3.9,326,0,
2026-09-27,00:00,Gurugu,0.14,4.8,77,3.9,326,0,
2026-09-27,00:00,La Renegà,0.18,4.8,77,3.9,326,0,
2026-09-27,00:00,Nules,0.14,4.8,77,3.9,326,0,
2026-09-27,00:00,Peñíscola N,0.17,4.8,77,3.9,326,0,
2026-09-27,00:00,Pirámides,0.11,4.8,77,3.9,326,0,
2026-09-27,00:00,Planetario,0.14,4.8,77,3.9,326,0,
2026-09-27,00:00,Vinaròs,0.17,4.8,77,3.9,326,0,
2026-09-27,00:00,Voramar,0.06,4.8,77,3.9,326,0,
2026-09-27,01:00,Almenara,0.15,4.6,81,4.4,325,0,
2026-09-27,01:00,Burriana,0.15,4.6,81,4.4,325,0,
2026-09-27,01:00,Gurugu,0.15,4.6,81,4.4,325,0,
2026-09-27,01:00,La Renegà,0.18,4.6,81,4.4,325,0,
2026-09-27,01:00,Nules,0.15,4.6,81,4.4,325,0,
2026-09-27,01:00,Peñíscola N,0.17,4.6,81,4.4,325,0,
2026-09-27,01:00,Pirámides,0.12,4.6,81,4.4,325,0,
2026-09-27,01:00,Planetario,0.15,4.6,81,4.4,325,0,
2026-09-27,01:00,Vinaròs,0.17,4.6,81,4.4,325,0,
2026-09-27,01:00,Voramar,0.08,4.6,81,4.4,325,0,
2026-09-27,02:00,Almenara,0.17,4.5,86,5.2,326,0,
2026-09-27,02:00,Burriana,0.17,4.5,86,5.2,326,0,
2026-09-27,02:00,Gurugu,0.17,4.5,86,5.2,326,0,
2026-09-27,02:00,La Renegà,0.20,4.5,86,5.2,326,1,
2026-09-27,02:00,Nules,0.17,4.5,86,5.2,326,0,
2026-09-27,02:00,Peñíscola N,0.19,4.5,86,5.2,326,0,
2026-09-27,02:00,Pirámides,0.15,4.5,86,5.2,326,0,
2026-09-27,02:00,Planetario,0.17,4.5,86,5.2,326,0,
2026-09-27,02:00,Vinaròs,0.19,4.5,86,5.2,326,0,
2026-09-27,02:00,Voramar,0.10,4.5,86,5.2,326,0,
2026-09-27,03:00,Almenara,0.18,4.3,88,5.6,333,0,
2026-09-27,03:00,Burriana,0.18,4.3,88,5.6,333,0,
2026-09-27,03:00,Gurugu,0.18,4.3,88,5.6,333,0,
2026-09-27,03:00,La Renegà,0.20,4.3,88,5.6,333,1,
2026-09-27,03:00,Nules,0.18,4.3,88,5.6,333,0,
2026-09-27,03:00,Peñíscola N,0.20,4.3,88,5.6,333,1,
2026-09-27,03:00,Pirámides,0.15,4.3,88,5.6,333,0,
2026-09-27,03:00,Planetario,0.18,4.3,88,5.6,333,0,
2026-09-27,03:00,Vinaròs,0.20,4.3,88,5.6,333,1,
2026-09-27,03:00,Voramar,0.11,4.3,88,5.6,333,0,
2026-09-27,04:00,Almenara,0.20,4.2,90,5.5,337,1,
2026-09-27,04:00,Burriana,0.20,4.2,90,5.5,337,1,
2026-09-27,04:00,Gurugu,0.20,4.2,90,5.5,337,1,
2026-09-27,04:00,La Renegà,0.22,4.2,90,5.5,337,1,
2026-09-27,04:00,Nules,0.20,4.2,90,5.5,337,1,
2026-09-27,04:00,Peñíscola N,0.22,4.2,90,5.5,337,1,
2026-09-27,04:00,Pirámides,0.17,4.2,90,5.5,337,0,
2026-09-27,04:00,Planetario,0.20,4.2,90,5.5,337,1,
2026-09-27,04:00,Vinaròs,0.22,4.2,90,5.5,337,1,
2026-09-27,04:00,Voramar,0.13,4.2,90,5.5,337,0,
2026-09-27,05:00,Almenara,0.20,4.2,92,6.0,335,1,
2026-09-27,05:00,Burriana,0.20,4.2,92,6.0,335,1,
2026-09-27,05:00,Gurugu,0.20,4.2,92,6.0,335,1,
2026-09-27,05:00,La Renegà,0.22,4.2,92,6.0,335,1,
2026-09-27,05:00,Nules,0.20,4.2,92,6.0,335,1,
2026-09-27,05:00,Peñíscola N,0.22,4.2,92,6.0,335,1,
2026-09-27,05:00,Pirámides,0.18,4.2,92,6.0,335,0,
2026-09-27,05:00,Planetario,0.20,4.2,92,6.0,335,1,
2026-09-27,05:00,Vinaròs,0.22,4.2,92,6.0,335,1,
2026-09-27,05:00,Voramar,0.13,4.2,92,6.0,335,0,
2026-09-27,06:00,Almenara,0.20,4.2,91,6.0,335,1,
2026-09-27,06:00,Burriana,0.20,4.2,91,6.0,335,1,
2026-09-27,06:00,Gurugu,0.20,4.2,91,6.0,335,1,
2026-09-27,06:00,La Renegà,0.22,4.2,91,6.0,335,1,
2026-09-27,06:00,Nules,0.20,4.2,91,6.0,335,1,
2026-09-27,06:00,Peñíscola N,0.22,4.2,91,6.0,335,1,
2026-09-27,06:00,Pirámides,0.18,4.2,91,6.0,335,0,
2026-09-27,06:00,Planetario,0.20,4.2,91,6.0,335,1,
2026-09-27,06:00,Vinaròs,0.22,4.2,91,6.0,335,1,
2026-09-27,06:00,Voramar,0.13,4.2,91,6.0,335,0,
2026-09-27,07:00,Almenara,0.20,4.2,89,5.8,338,1,
2026-09-27,07:00,Burriana,0.20,4.2,89,5.8,338,1,
2026-09-27,07:00,Gurugu,0.20,4.2,89,5.8,338,1,
2026-09-27,07:00,La Renegà,0.22,4.2,89,5.8,338,1,
2026-09-27,07:00,Nules,0.20,4.2,89,5.8,338,1,
2026-09-27,07:00,Peñíscola N,0.22,4.2,89,5.8,338,1,
2026-09-27,07:00,Pirámides,0.17,4.2,89,5.8,338,0,
2026-09-27,07:00,Planetario,0.20,4.2,89,5.8,338,1,
2026-09-27,07:00,Vinaròs,0.22,4.2,89,5.8,338,1,
2026-09-27,07:00,Voramar,0.12,4.2,89,5.8,338,0,
2026-09-27,08:00,Almenara,0.19,4.2,88,5.7,342,0,
2026-09-27,08:00,Burriana,0.19,4.2,88,5.7,342,0,
2026-09-27,08:00,Gurugu,0.19,4.2,88,5.7,342,0,
2026-09-27,08:00,La Renegà,0.22,4.2,88,5.7,342,1,
2026-09-27,08:00,Nules,0.19,4.2,88,5.7,342,0,
2026-09-27,08:00,Peñíscola N,0.22,4.2,88,5.7,342,1,
2026-09-27,08:00,Pirámides,0.17,4.2,88,5.7,342,0,
2026-09-27,08:00,Planetario,0.19,4.2,88,5.7,342,0,
2026-09-27,08:00,Vinaròs,0.22,4.2,88,5.7,342,1,
2026-09-27,08:00,Voramar,0.12,4.2,88,5.7,342,0,
2026-09-27,09:00,Almenara,0.19,4.2,86,4.9,343,0,
2026-09-27,09:00,Burriana,0.19,4.2,86,4.9,343,0,
2026-09-27,09:00,Gurugu,0.19,4.2,86,4.9,343,0,
2026-09-27,09:00,La Renegà,0.22,4.2,86,4.9,343,1,
2026-09-27,09:00,Nules,0.19,4.2,86,4.9,343,0,
2026-09-27,09:00,Peñíscola N,0.21,4.2,86,4.9,343,1,
2026-09-27,09:00,Pirámides,0.16,4.2,86,4.9,343,0,
2026-09-27,09:00,Planetario,0.19,4.2,86,4.9,343,0,
2026-09-27,09:00,Vinaròs,0.21,4.2,86,4.9,343,1,
2026-09-27,09:00,Voramar,0.11,4.2,86,4.9,343,0,
2026-09-27,10:00,Almenara,0.19,4.2,84,3.3,347,0,
2026-09-27,10:00,Burriana,0.19,4.2,84,3.3,347,0,
2026-09-27,10:00,Gurugu,0.19,4.2,84,3.3,347,0,
2026-09-27,10:00,La Renegà,0.22,4.2,84,3.3,347,1,
2026-09-27,10:00,Nules,0.19,4.2,84,3.3,347,0,
2026-09-27,10:00,Peñíscola N,0.21,4.2,84,3.3,347,1,
2026-09-27,10:00,Pirámides,0.16,4.2,84,3.3,347,0,
2026-09-27,10:00,Planetario,0.19,4.2,84,3.3,347,0,
2026-09-27,10:00,Vinaròs,0.21,4.2,84,3.3,347,1,
2026-09-27,10:00,Voramar,0.10,4.2,84,3.3,347,0,
2026-09-27,11:00,Almenara,0.18,4.2,82,2.6,146,0,
2026-09-27,11:00,Burriana,0.18,4.2,82,2.6,146,0,
2026-09-27,11:00,Gurugu,0.18,4.2,82,2.6,146,0,
2026-09-27,11:00,La Renegà,0.22,4.2,82,2.6,146,1,
2026-09-27,11:00,Nules,0.18,4.2,82,2.6,146,0,
2026-09-27,11:00,Peñíscola N,0.21,4.2,82,2.6,146,1,
2026-09-27,11:00,Pirámides,0.15,4.2,82,2.6,146,0,
2026-09-27,11:00,Planetario,0.18,4.2,82,2.6,146,0,
2026-09-27,11:00,Vinaròs,0.21,4.2,82,2.6,146,1,
2026-09-27,11:00,Voramar,0.10,4.2,82,2.6,146,0,
2026-09-27,12:00,Almenara,0.18,4.3,81,6.9,141,0,
2026-09-27,12:00,Burriana,0.18,4.3,81,6.9,141,0,
2026-09-27,12:00,Gurugu,0.18,4.3,81,6.9,141,0,
2026-09-27,12:00,La Renegà,0.22,4.3,81,6.9,141,1,
2026-09-27,12:00,Nules,0.18,4.3,81,6.9,141,0,
2026-09-27,12:00,Peñíscola N,0.21,4.3,81,6.9,141,1,
2026-09-27,12:00,Pirámides,0.15,4.3,81,6.9,141,0,
2026-09-27,12:00,Planetario,0.18,4.3,81,6.9,141,0,
2026-09-27,12:00,Vinaròs,0.21,4.3,81,6.9,141,1,
2026-09-27,12:00,Voramar,0.09,4.3,81,6.9,141,0,
2026-09-27,13:00,Almenara,0.18,4.3,79,10.7,140,0,
2026-09-27,13:00,Burriana,0.17,4.3,79,10.7,140,0,
2026-09-27,13:00,Gurugu,0.17,4.3,79,10.7,140,0,
2026-09-27,13:00,La Renegà,0.22,4.3,79,10.7,140,1,
2026-09-27,13:00,Nules,0.18,4.3,79,10.7,140,0,
2026-09-27,13:00,Peñíscola N,0.21,4.3,79,10.7,140,1,
2026-09-27,13:00,Pirámides,0.14,4.3,79,10.7,140,0,
2026-09-27,13:00,Planetario,0.17,4.3,79,10.7,140,0,
2026-09-27,13:00,Vinaròs,0.21,4.3,79,10.7,140,1,
2026-09-27,13:00,Voramar,0.08,4.3,79,10.7,140,0,
2026-09-27,14:00,Almenara,0.17,4.3,78,13.0,146,0,
2026-09-27,14:00,Burriana,0.17,4.3,78,13.0,146,0,
2026-09-27,14:00,Gurugu,0.17,4.3,78,13.0,146,0,
2026-09-27,14:00,La Renegà,0.22,4.3,78,13.0,146,1,
2026-09-27,14:00,Nules,0.17,4.3,78,13.0,146,0,
2026-09-27,14:00,Peñíscola N,0.20,4.3,78,13.0,146,1,
2026-09-27,14:00,Pirámides,0.14,4.3,78,13.0,146,0,
2026-09-27,14:00,Planetario,0.17,4.3,78,13.0,146,0,
2026-09-27,14:00,Vinaròs,0.20,4.3,78,13.0,146,1,
2026-09-27,14:00,Voramar,0.08,4.3,78,13.0,146,0,
2026-09-27,15:00,Almenara,0.17,4.4,78,13.7,153,0,
2026-09-27,15:00,Burriana,0.17,4.4,78,13.7,153,0,
2026-09-27,15:00,Gurugu,0.17,4.4,78,13.7,153,0,
2026-09-27,15:00,La Renegà,0.22,4.4,78,13.7,153,1,
2026-09-27,15:00,Nules,0.17,4.4,78,13.7,153,0,
2026-09-27,15:00,Peñíscola N,0.20,4.4,78,13.7,153,1,
2026-09-27,15:00,Pirámides,0.14,4.4,78,13.7,153,0,
2026-09-27,15:00,Planetario,0.17,4.4,78,13.7,153,0,
2026-09-27,15:00,Vinaròs,0.20,4.4,78,13.7,153,1,
2026-09-27,15:00,Voramar,0.08,4.4,78,13.7,153,0,
2026-09-27,16:00,Almenara,0.17,4.4,77,12.8,158,0,
2026-09-27,16:00,Burriana,0.17,4.4,77,12.8,158,0,
2026-09-27,16:00,Gurugu,0.17,4.4,77,12.8,158,0,
2026-09-27,16:00,La Renegà,0.22,4.4,77,12.8,158,1,
2026-09-27,16:00,Nules,0.17,4.4,77,12.8,158,0,
2026-09-27,16:00,Peñíscola N,0.20,4.4,77,12.8,158,1,
2026-09-27,16:00,Pirámides,0.14,4.4,77,12.8,158,0,
2026-09-27,16:00,Planetario,0.17,4.4,77,12.8,158,0,
2026-09-27,16:00,Vinaròs,0.20,4.4,77,12.8,158,1,
2026-09-27,16:00,Voramar,0.07,4.4,77,12.8,158,0,
2026-09-27,17:00,Almenara,0.17,4.5,77,10.5,153,0,
2026-09-27,17:00,Burriana,0.17,4.5,77,10.5,153,0,
2026-09-27,17:00,Gurugu,0.17,4.5,77,10.5,153,0,
2026-09-27,17:00,La Renegà,0.22,4.5,77,10.5,153,1,
2026-09-27,17:00,Nules,0.17,4.5,77,10.5,153,0,
2026-09-27,17:00,Peñíscola N,0.20,4.5,77,10.5,153,1,
2026-09-27,17:00,Pirámides,0.14,4.5,77,10.5,153,0,
2026-09-27,17:00,Planetario,0.17,4.5,77,10.5,153,0,
2026-09-27,17:00,Vinaròs,0.20,4.5,77,10.5,153,1,
2026-09-27,17:00,Voramar,0.07,4.5,77,10.5,153,0,
2026-09-27,18:00,Almenara,0.17,4.5,77,8.1,148,0,
2026-09-27,18:00,Burriana,0.17,4.5,77,8.1,148,0,
2026-09-27,18:00,Gurugu,0.17,4.5,77,8.1,148,0,
2026-09-27,18:00,La Renegà,0.22,4.5,77,8.1,148,1,
2026-09-27,18:00,Nules,0.17,4.5,77,8.1,148,0,
2026-09-27,18:00,Peñíscola N,0.20,4.5,77,8.1,148,1,
2026-09-27,18:00,Pirámides,0.14,4.5,77,8.1,148,0,
2026-09-27,18:00,Planetario,0.17,4.5,77,8.1,148,0,
2026-09-27,18:00,Vinaròs,0.20,4.5,77,8.1,148,1,
2026-09-27,18:00,Voramar,0.07,4.5,77,8.1,148,0,
2026-09-27,19:00,Almenara,0.17,4.5,78,6.1,140,0,
2026-09-27,19:00,Burriana,0.17,4.5,78,6.1,140,0,
2026-09-27,19:00,Gurugu,0.17,4.5,78,6.1,140,0,
2026-09-27,19:00,La Renegà,0.22,4.5,78,6.1,140,1,
2026-09-27,19:00,Nules,0.17,4.5,78,6.1,140,0,
2026-09-27,19:00,Peñíscola N,0.20,4.5,78,6.1,140,1,
2026-09-27,19:00,Pirámides,0.14,4.5,78,6.1,140,0,
2026-09-27,19:00,Planetario,0.17,4.5,78,6.1,140,0,
2026-09-27,19:00,Vinaròs,0.20,4.5,78,6.1,140,1,
2026-09-27,19:00,Voramar,0.08,4.5,78,6.1,140,0,
2026-09-27,20:00,Almenara,0.17,4.5,78,3.3,139,0,
2026-09-27,20:00,Burriana,0.17,4.5,78,3.3,139,0,
2026-09-27,20:00,Gurugu,0.17,4.5,78,3.3,139,0,
2026-09-27,20:00,La Renegà,0.22,4.5,78,3.3,139,1,
2026-09-27,20:00,Nules,0.17,4.5,78,3.3,139,0,
2026-09-27,20:00,Peñíscola N,0.20,4.5,78,3.3,139,1,
2026-09-27,20:00,Pirámides,0.14,4.5,78,3.3,139,0,
2026-09-27,20:00,Planetario,0.17,4.5,78,3.3,139,0,
2026-09-27,20:00,Vinaròs,0.20,4.5,78,3.3,139,1,
2026-09-27,20:00,Voramar,0.08,4.5,78,3.3,139,0,
2026-09-27,21:00,Almenara,0.18,4.5,79,1.1,288,0,
2026-09-27,21:00,Burriana,0.17,4.5,79,1.1,288,0,
2026-09-27,21:00,Gurugu,0.17,4.5,79,1.1,288,0,
2026-09-27,21:00,La Renegà,0.22,4.5,79,1.1,288,1,
2026-09-27,21:00,Nules,0.18,4.5,79,1.1,288,0,
2026-09-27,21:00,Peñíscola N,0.21,4.5,79,1.1,288,1,
2026-09-27,21:00,Pirámides,0.14,4.5,79,1.1,288,0,
2026-09-27,21:00,Planetario,0.17,4.5,79,1.1,288,0,
2026-09-27,21:00,Vinaròs,0.21,4.5,79,1.1,288,1,
2026-09-27,21:00,Voramar,0.08,4.5,79,1.1,288,0,
2026-09-27,22:00,Almenara,0.16,4.4,79,4.1,308,0,
2026-09-27,22:00,Burriana,0.16,4.4,79,4.1,308,0,
2026-09-27,22:00,Gurugu,0.16,4.4,79,4.1,308,0,
2026-09-27,22:00,La Renegà,0.20,4.4,79,4.1,308,1,
2026-09-27,22:00,Nules,0.16,4.4,79,4.1,308,0,
2026-09-27,22:00,Peñíscola N,0.19,4.4,79,4.1,308,0,
2026-09-27,22:00,Pirámides,0.13,4.4,79,4.1,308,0,
2026-09-27,22:00,Planetario,0.16,4.4,79,4.1,308,0,
2026-09-27,22:00,Vinaròs,0.19,4.4,79,4.1,308,0,
2026-09-27,22:00,Voramar,0.08,4.4,79,4.1,308,0,
2026-09-27,23:00,Almenara,0.16,4.3,80,4.7,328,0,
2026-09-27,23:00,Burriana,0.16,4.3,80,4.7,328,0,
2026-09-27,23:00,Gurugu,0.16,4.3,80,4.7,328,0,
2026-09-27,23:00,La Renegà,0.20,4.3,80,4.7,328,1,
2026-09-27,23:00,Nules,0.16,4.3,80,4.7,328,0,
2026-09-27,23:00,Peñíscola N,0.19,4.3,80,4.7,328,0,
2026-09-27,23:00,Pirámides,0.13,4.3,80,4.7,328,0,
2026-09-27,23:00,Planetario,0.16,4.3,80,4.7,328,0,
2026-09-27,23:00,Vinaròs,0.19,4.3,80,4.7,328,0,
2026-09-27,23:00,Voramar,0.08,4.3,80,4.7,328,0,
2026-09-28,00:00,Almenara,0.24,5.3,78,4.7,328,1,
2026-09-28,00:00,Burriana,0.24,5.3,78,4.7,328,1,
2026-09-28,00:00,Gurugu,0.23,5.3,78,4.7,328,1,
2026-09-28,00:00,La Renegà,0.30,5.3,78,4.7,328,1,
2026-09-28,00:00,Nules,0.24,5.3,78,4.7,328,1,
2026-09-28,00:00,Peñíscola N,0.28,5.3,78,4.7,328,1,
2026-09-28,00:00,Pirámides,0.19,5.3,78,4.7,328,0,
2026-09-28,00:00,Planetario,0.23,5.3,78,4.7,328,1,
2026-09-28,00:00,Vinaròs,0.28,5.3,78,4.7,328,1,
2026-09-28,00:00,Voramar,0.11,5.3,78,4.7,328,0,
2026-09-28,01:00,Almenara,0.24,5.3,79,5.2,335,1,
2026-09-28,01:00,Burriana,0.24,5.3,79,5.2,335,1,
2026-09-28,01:00,Gurugu,0.24,5.3,79,5.2,335,1,
2026-09-28,01:00,La Renegà,0.30,5.3,79,5.2,335,1,
2026-09-28,01:00,Nules,0.24,5.3,79,5.2,335,1,
2026-09-28,01:00,Peñíscola N,0.28,5.3,79,5.2,335,1,
2026-09-28,01:00,Pirámides,0.19,5.3,79,5.2,335,0,
2026-09-28,01:00,Planetario,0.24,5.3,79,5.2,335,1,
2026-09-28,01:00,Vinaròs,0.28,5.3,79,5.2,335,1,
2026-09-28,01:00,Voramar,0.11,5.3,79,5.2,335,0,
2026-09-28,02:00,Almenara,0.24,5.2,80,5.8,338,1,
2026-09-28,02:00,Burriana,0.24,5.2,80,5.8,338,1,
2026-09-28,02:00,Gurugu,0.24,5.2,80,5.8,338,1,
2026-09-28,02:00,La Renegà,0.30,5.2,80,5.8,338,1,
2026-09-28,02:00,Nules,0.24,5.2,80,5.8,338,1,
2026-09-28,02:00,Peñíscola N,0.28,5.2,80,5.8,338,1,
2026-09-28,02:00,Pirámides,0.20,5.2,80,5.8,338,1,
2026-09-28,02:00,Planetario,0.24,5.2,80,5.8,338,1,
2026-09-28,02:00,Vinaròs,0.28,5.2,80,5.8,338,1,
2026-09-28,02:00,Voramar,0.12,5.2,80,5.8,338,0,
2026-09-28,03:00,Almenara,0.25,5.2,82,6.2,339,1,
2026-09-28,03:00,Burriana,0.25,5.2,82,6.2,339,1,
2026-09-28,03:00,Gurugu,0.25,5.2,82,6.2,339,1,
2026-09-28,03:00,La Renegà,0.30,5.2,82,6.2,339,1,
2026-09-28,03:00,Nules,0.25,5.2,82,6.2,339,1,
2026-09-28,03:00,Peñíscola N,0.29,5.2,82,6.2,339,1,
2026-09-28,03:00,Pirámides,0.21,5.2,82,6.2,339,1,
2026-09-28,03:00,Planetario,0.25,5.2,82,6.2,339,1,
2026-09-28,03:00,Vinaròs,0.29,5.2,82,6.2,339,1,
2026-09-28,03:00,Voramar,0.13,5.2,82,6.2,339,0,
2026-09-28,04:00,Almenara,0.25,5.1,83,6.6,338,1,
2026-09-28,04:00,Burriana,0.25,5.1,83,6.6,338,1,
2026-09-28,04:00,Gurugu,0.25,5.1,83,6.6,338,1,
2026-09-28,04:00,La Renegà,0.30,5.1,83,6.6,338,1,
2026-09-28,04:00,Nules,0.25,5.1,83,6.6,338,1,
2026-09-28,04:00,Peñíscola N,0.29,5.1,83,6.6,338,1,
2026-09-28,04:00,Pirámides,0.21,5.1,83,6.6,338,1,
2026-09-28,04:00,Planetario,0.25,5.1,83,6.6,338,1,
2026-09-28,04:00,Vinaròs,0.29,5.1,83,6.6,338,1,
2026-09-28,04:00,Voramar,0.14,5.1,83,6.6,338,0,
2026-09-28,05:00,Almenara,0.26,5.0,85,7.1,330,1,
2026-09-28,05:00,Burriana,0.26,5.0,85,7.1,330,1,
2026-09-28,05:00,Gurugu,0.26,5.0,85,7.1,330,1,
2026-09-28,05:00,La Renegà,0.30,5.0,85,7.1,330,1,
2026-09-28,05:00,Nules,0.26,5.0,85,7.1,330,1,
2026-09-28,05:00,Peñíscola N,0.29,5.0,85,7.1,330,1,
2026-09-28,05:00,Pirámides,0.22,5.0,85,7.1,330,1,
2026-09-28,05:00,Planetario,0.26,5.0,85,7.1,330,1,
2026-09-28,05:00,Vinaròs,0.29,5.0,85,7.1,330,1,
2026-09-28,05:00,Voramar,0.15,5.0,85,7.1,330,0,
2026-09-28,06:00,Almenara,0.26,4.9,87,6.2,339,1,
2026-09-28,06:00,Burriana,0.26,4.9,87,6.2,339,1,
2026-09-28,06:00,Gurugu,0.26,4.9,87,6.2,339,1,
2026-09-28,06:00,La Renegà,0.30,4.9,87,6.2,339,1,
2026-09-28,06:00,Nules,0.26,4.9,87,6.2,339,1,
2026-09-28,06:00,Peñíscola N,0.29,4.9,87,6.2,339,1,
2026-09-28,06:00,Pirámides,0.23,4.9,87,6.2,339,1,
2026-09-28,06:00,Planetario,0.26,4.9,87,6.2,339,1,
2026-09-28,06:00,Vinaròs,0.29,4.9,87,6.2,339,1,
2026-09-28,06:00,Voramar,0.16,4.9,87,6.2,339,0,
2026-09-28,07:00,Almenara,0.27,4.8,90,6.5,357,1,
2026-09-28,07:00,Burriana,0.27,4.8,90,6.5,357,1,
2026-09-28,07:00,Gurugu,0.27,4.8,90,6.5,357,1,
2026-09-28,07:00,La Renegà,0.30,4.8,90,6.5,357,1,
2026-09-28,07:00,Nules,0.27,4.8,90,6.5,357,1,
2026-09-28,07:00,Peñíscola N,0.30,4.8,90,6.5,357,1,
2026-09-28,07:00,Pirámides,0.24,4.8,90,6.5,357,1,
2026-09-28,07:00,Planetario,0.27,4.8,90,6.5,357,1,
2026-09-28,07:00,Vinaròs,0.30,4.8,90,6.5,357,1,
2026-09-28,07:00,Voramar,0.17,4.8,90,6.5,357,0,
2026-09-28,08:00,Almenara,0.27,4.8,92,5.8,338,1,
2026-09-28,08:00,Burriana,0.27,4.8,92,5.8,338,1,
2026-09-28,08:00,Gurugu,0.27,4.8,92,5.8,338,1,
2026-09-28,08:00,La Renegà,0.30,4.8,92,5.8,338,1,
2026-09-28,08:00,Nules,0.27,4.8,92,5.8,338,1,
2026-09-28,08:00,Peñíscola N,0.30,4.8,92,5.8,338,1,
2026-09-28,08:00,Pirámides,0.24,4.8,92,5.8,338,1,
2026-09-28,08:00,Planetario,0.27,4.8,92,5.8,338,1,
2026-09-28,08:00,Vinaròs,0.30,4.8,92,5.8,338,1,
2026-09-28,08:00,Voramar,0.18,4.8,92,5.8,338,0,
2026-09-28,09:00,Almenara,0.28,4.7,95,5.6,345,1,
2026-09-28,09:00,Burriana,0.28,4.7,95,5.6,345,1,
2026-09-28,09:00,Gurugu,0.28,4.7,95,5.6,345,1,
2026-09-28,09:00,La Renegà,0.29,4.7,95,5.6,345,1,
2026-09-28,09:00,Nules,0.28,4.7,95,5.6,345,1,
2026-09-28,09:00,Peñíscola N,0.30,4.7,95,5.6,345,1,
2026-09-28,09:00,Pirámides,0.25,4.7,95,5.6,345,1,
2026-09-28,09:00,Planetario,0.28,4.7,95,5.6,345,1,
2026-09-28,09:00,Vinaròs,0.30,4.7,95,5.6,345,1,
2026-09-28,09:00,Voramar,0.19,4.7,95,5.6,345,0,
2026-09-28,10:00,Almenara,0.30,4.7,97,2.5,352,1,
2026-09-28,10:00,Burriana,0.30,4.7,97,2.5,352,1,
2026-09-28,10:00,Gurugu,0.30,4.7,97,2.5,352,1,
2026-09-28,10:00,La Renegà,0.31,4.7,97,2.5,352,1,
2026-09-28,10:00,Nules,0.30,4.7,97,2.5,352,1,
2026-09-28,10:00,Peñíscola N,0.32,4.7,97,2.5,352,1,
2026-09-28,10:00,Pirámides,0.27,4.7,97,2.5,352,1,
2026-09-28,10:00,Planetario,0.30,4.7,97,2.5,352,1,
2026-09-28,10:00,Vinaròs,0.32,4.7,97,2.5,352,1,
2026-09-28,10:00,Voramar,0.22,4.7,97,2.5,352,1,
2026-09-28,11:00,Almenara,0.31,4.6,100,2.6,34,1,
2026-09-28,11:00,Burriana,0.31,4.6,100,2.6,34,1,
2026-09-28,11:00,Gurugu,0.31,4.6,100,2.6,34,1,
2026-09-28,11:00,La Renegà,0.30,4.6,100,2.6,34,1,
2026-09-28,11:00,Nules,0.31,4.6,100,2.6,34,1,
2026-09-28,11:00,Peñíscola N,0.32,4.6,100,2.6,34,1,
2026-09-28,11:00,Pirámides,0.28,4.6,100,2.6,34,1,
2026-09-28,11:00,Planetario,0.31,4.6,100,2.6,34,1,
2026-09-28,11:00,Vinaròs,0.32,4.6,100,2.6,34,1,
2026-09-28,11:00,Voramar,0.23,4.6,100,2.6,34,1,
2026-09-28,12:00,Almenara,0.33,4.6,103,7.7,101,1,
2026-09-28,12:00,Burriana,0.33,4.6,103,7.7,101,1,
2026-09-28,12:00,Gurugu,0.33,4.6,103,7.7,101,1,
2026-09-28,12:00,La Renegà,0.32,4.6,103,7.7,101,1,
2026-09-28,12:00,Nules,0.33,4.6,103,7.7,101,1,
2026-09-28,12:00,Peñíscola N,0.34,4.6,103,7.7,101,1,
2026-09-28,12:00,Pirámides,0.31,4.6,103,7.7,101,1,
2026-09-28,12:00,Planetario,0.33,4.6,103,7.7,101,1,
2026-09-28,12:00,Vinaròs,0.34,4.6,103,7.7,101,1,
2026-09-28,12:00,Voramar,0.26,4.6,103,7.7,101,1,
2026-09-28,13:00,Almenara,0.33,4.7,105,11.4,125,1,
2026-09-28,13:00,Burriana,0.33,4.7,105,11.4,125,1,
2026-09-28,13:00,Gurugu,0.33,4.7,105,11.4,125,1,
2026-09-28,13:00,La Renegà,0.31,4.7,105,11.4,125,1,
2026-09-28,13:00,Nules,0.33,4.7,105,11.4,125,1,
2026-09-28,13:00,Peñíscola N,0.34,4.7,105,11.4,125,1,
2026-09-28,13:00,Pirámides,0.31,4.7,105,11.4,125,1,
2026-09-28,13:00,Planetario,0.33,4.7,105,11.4,125,1,
2026-09-28,13:00,Vinaròs,0.34,4.7,105,11.4,125,1,
2026-09-28,13:00,Voramar,0.26,4.7,105,11.4,125,1,
2026-09-28,14:00,Almenara,0.36,4.7,108,11.0,122,2,
2026-09-28,14:00,Burriana,0.36,4.7,108,11.0,122,2,
2026-09-28,14:00,Gurugu,0.36,4.7,108,11.0,122,2,
2026-09-28,14:00,La Renegà,0.32,4.7,108,11.0,122,1,
2026-09-28,14:00,Nules,0.36,4.7,108,11.0,122,2,
2026-09-28,14:00,Peñíscola N,0.36,4.7,108,11.0,122,2,
2026-09-28,14:00,Pirámides,0.34,4.7,108,11.0,122,1,
2026-09-28,14:00,Planetario,0.36,4.7,108,11.0,122,2,
2026-09-28,14:00,Vinaròs,0.36,4.7,108,11.0,122,2,
2026-09-28,14:00,Voramar,0.29,4.7,108,11.0,122,1,
2026-09-28,15:00,Almenara,0.38,4.8,109,12.1,120,2,
2026-09-28,15:00,Burriana,0.38,4.8,109,12.1,120,2,
2026-09-28,15:00,Gurugu,0.38,4.8,109,12.1,120,2,
2026-09-28,15:00,La Renegà,0.34,4.8,109,12.1,120,1,
2026-09-28,15:00,Nules,0.38,4.8,109,12.1,120,2,
2026-09-28,15:00,Peñíscola N,0.38,4.8,109,12.1,120,2,
2026-09-28,15:00,Pirámides,0.36,4.8,109,12.1,120,2,
2026-09-28,15:00,Planetario,0.38,4.8,109,12.1,120,2,
2026-09-28,15:00,Vinaròs,0.38,4.8,109,12.1,120,2,
2026-09-28,15:00,Voramar,0.31,4.8,109,12.1,120,1,
2026-09-28,16:00,Almenara,0.40,4.8,111,11.8,130,2,
2026-09-28,16:00,Burriana,0.40,4.8,111,11.8,130,2,
2026-09-28,16:00,Gurugu,0.40,4.8,111,11.8,130,2,
2026-09-28,16:00,La Renegà,0.35,4.8,111,11.8,130,2,
2026-09-28,16:00,Nules,0.40,4.8,111,11.8,130,2,
2026-09-28,16:00,Peñíscola N,0.39,4.8,111,11.8,130,2,
2026-09-28,16:00,Pirámides,0.38,4.8,111,11.8,130,2,
2026-09-28,16:00,Planetario,0.40,4.8,111,11.8,130,2,
2026-09-28,16:00,Vinaròs,0.39,4.8,111,11.8,130,2,
2026-09-28,16:00,Voramar,0.34,4.8,111,11.8,130,1,
2026-09-28,17:00,Almenara,0.42,5.0,112,11.2,132,2,
2026-09-28,17:00,Burriana,0.42,5.0,112,11.2,132,2,
2026-09-28,17:00,Gurugu,0.42,5.0,112,11.2,132,2,
2026-09-28,17:00,La Renegà,0.36,5.0,112,11.2,132,2,
2026-09-28,17:00,Nules,0.42,5.0,112,11.2,132,2,
2026-09-28,17:00,Peñíscola N,0.41,5.0,112,11.2,132,2,
2026-09-28,17:00,Pirámides,0.40,5.0,112,11.2,132,2,
2026-09-28,17:00,Planetario,0.42,5.0,112,11.2,132,2,
2026-09-28,17:00,Vinaròs,0.41,5.0,112,11.2,132,2,
2026-09-28,17:00,Voramar,0.36,5.0,112,11.2,132,2,
2026-09-28,18:00,Almenara,0.44,5.0,113,10.2,132,2,
2026-09-28,18:00,Burriana,0.44,5.0,113,10.2,132,2,
2026-09-28,18:00,Gurugu,0.44,5.0,113,10.2,132,2,
2026-09-28,18:00,La Renegà,0.38,5.0,113,10.2,132,2,
2026-09-28,18:00,Nules,0.44,5.0,113,10.2,132,2,
2026-09-28,18:00,Peñíscola N,0.43,5.0,113,10.2,132,2,
2026-09-28,18:00,Pirámides,0.42,5.0,113,10.2,132,2,
2026-09-28,18:00,Planetario,0.44,5.0,113,10.2,132,2,
2026-09-28,18:00,Vinaròs,0.43,5.0,113,10.2,132,2,
2026-09-28,18:00,Voramar,0.38,5.0,113,10.2,132,2,
2026-09-28,19:00,Almenara,0.48,5.1,113,7.1,120,2,
2026-09-28,19:00,Burriana,0.48,5.1,113,7.1,120,2,
2026-09-28,19:00,Gurugu,0.48,5.1,113,7.1,120,2,
2026-09-28,19:00,La Renegà,0.41,5.1,113,7.1,120,2,
2026-09-28,19:00,Nules,0.48,5.1,113,7.1,120,2,
2026-09-28,19:00,Peñíscola N,0.47,5.1,113,7.1,120,2,
2026-09-28,19:00,Pirámides,0.46,5.1,113,7.1,120,2,
2026-09-28,19:00,Planetario,0.48,5.1,113,7.1,120,2,
2026-09-28,19:00,Vinaròs,0.47,5.1,113,7.1,120,2,
2026-09-28,19:00,Voramar,0.41,5.1,113,7.1,120,2,
2026-09-28,20:00,Almenara,0.50,5.2,114,4.8,77,3,
2026-09-28,20:00,Burriana,0.50,5.2,114,4.8,77,3,
2026-09-28,20:00,Gurugu,0.50,5.2,114,4.8,77,3,
2026-09-28,20:00,La Renegà,0.42,5.2,114,4.8,77,2,
2026-09-28,20:00,Nules,0.50,5.2,114,4.8,77,3,
2026-09-28,20:00,Peñíscola N,0.49,5.2,114,4.8,77,2,
2026-09-28,20:00,Pirámides,0.49,5.2,114,4.8,77,2,
2026-09-28,20:00,Planetario,0.50,5.2,114,4.8,77,3,
2026-09-28,20:00,Vinaròs,0.49,5.2,114,4.8,77,2,
2026-09-28,20:00,Voramar,0.43,5.2,114,4.8,77,2,
2026-09-28,21:00,Almenara,0.50,5.2,114,4.6,45,3,
2026-09-28,21:00,Burriana,0.50,5.2,114,4.6,45,3,
2026-09-28,21:00,Gurugu,0.50,5.2,114,4.6,45,3,
2026-09-28,21:00,La Renegà,0.42,5.2,114,4.6,45,2,
2026-09-28,21:00,Nules,0.50,5.2,114,4.6,45,3,
2026-09-28,21:00,Peñíscola N,0.49,5.2,114,4.6,45,2,
2026-09-28,21:00,Pirámides,0.49,5.2,114,4.6,45,2,
2026-09-28,21:00,Planetario,0.50,5.2,114,4.6,45,3,
2026-09-28,21:00,Vinaròs,0.49,5.2,114,4.6,45,2,
2026-09-28,21:00,Voramar,0.43,5.2,114,4.6,45,2,
2026-09-28,22:00,Almenara,0.52,5.3,115,5.2,25,3,
2026-09-28,22:00,Burriana,0.52,5.3,115,5.2,25,3,
2026-09-28,22:00,Gurugu,0.52,5.3,115,5.2,25,3,
2026-09-28,22:00,La Renegà,0.44,5.3,115,5.2,25,2,
2026-09-28,22:00,Nules,0.52,5.3,115,5.2,25,3,
2026-09-28,22:00,Peñíscola N,0.50,5.3,115,5.2,25,3,
2026-09-28,22:00,Pirámides,0.51,5.3,115,5.2,25,3,
2026-09-28,22:00,Planetario,0.52,5.3,115,5.2,25,3,
2026-09-28,22:00,Vinaròs,0.50,5.3,115,5.2,25,3,
2026-09-28,22:00,Voramar,0.45,5.3,115,5.2,25,2,
2026-09-28,23:00,Almenara,0.52,5.3,115,5.8,7,3,
2026-09-28,23:00,Burriana,0.52,5.3,115,5.8,7,3,
2026-09-28,23:00,Gurugu,0.52,5.3,115,5.8,7,3,
2026-09-28,23:00,La Renegà,0.44,5.3,115,5.8,7,2,
2026-09-28,23:00,Nules,0.52,5.3,115,5.8,7,3,
2026-09-28,23:00,Peñíscola N,0.50,5.3,115,5.8,7,3,
2026-09-28,23:00,Pirámides,0.51,5.3,115,5.8,7,3,
2026-09-28,23:00,Planetario,0.52,5.3,115,5.8,7,3,
2026-09-28,23:00,Vinaròs,0.50,5.3,115,5.8,7,3,
2026-09-28,23:00,Voramar,0.45,5.3,115,5.8,7,2,
2026-09-29,00:00,Almenara,0.50,5.5,115,3.4,342,3,
2026-09-29,00:00,Burriana,0.50,5.5,115,3.4,342,3,
2026-09-29,00:00,Gurugu,0.50,5.5,115,3.4,342,3,
2026-09-29,00:00,La Renegà,0.42,5.5,115,3.4,342,2,
2026-09-29,00:00,Nules,0.50,5.5,115,3.4,342,3,
2026-09-29,00:00,Peñíscola N,0.48,5.5,115,3.4,342,2,
2026-09-29,00:00,Pirámides,0.49,5.5,115,3.4,342,2,
2026-09-29,00:00,Planetario,0.50,5.5,115,3.4,342,3,
2026-09-29,00:00,Vinaròs,0.48,5.5,115,3.4,342,2,
2026-09-29,00:00,Voramar,0.44,5.5,115,3.4,342,4,
2026-09-29,01:00,Almenara,0.52,5.5,115,3.8,319,3,
2026-09-29,01:00,Burriana,0.52,5.5,115,3.8,319,3,
2026-09-29,01:00,Gurugu,0.52,5.5,115,3.8,319,3,
2026-09-29,01:00,La Renegà,0.44,5.5,115,3.8,319,2,
2026-09-29,01:00,Nules,0.52,5.5,115,3.8,319,3,
2026-09-29,01:00,Peñíscola N,0.50,5.5,115,3.8,319,3,
2026-09-29,01:00,Pirámides,0.51,5.5,115,3.8,319,5,
2026-09-29,01:00,Planetario,0.52,5.5,115,3.8,319,3,
2026-09-29,01:00,Vinaròs,0.50,5.5,115,3.8,319,3,
2026-09-29,01:00,Voramar,0.45,5.5,115,3.8,319,4,
2026-09-29,02:00,Almenara,0.52,5.5,115,5.1,315,5,
2026-09-29,02:00,Burriana,0.52,5.5,115,5.1,315,5,
2026-09-29,02:00,Gurugu,0.52,5.5,115,5.1,315,5,
2026-09-29,02:00,La Renegà,0.44,5.5,115,5.1,315,2,
2026-09-29,02:00,Nules,0.52,5.5,115,5.1,315,5,
2026-09-29,02:00,Peñíscola N,0.50,5.5,115,5.1,315,3,
2026-09-29,02:00,Pirámides,0.51,5.5,115,5.1,315,5,
2026-09-29,02:00,Planetario,0.52,5.5,115,5.1,315,5,
2026-09-29,02:00,Vinaròs,0.50,5.5,115,5.1,315,3,
2026-09-29,02:00,Voramar,0.45,5.5,115,5.1,315,4,
2026-09-29,03:00,Almenara,0.52,5.5,114,5.3,332,3,
2026-09-29,03:00,Burriana,0.52,5.5,114,5.3,332,3,
2026-09-29,03:00,Gurugu,0.52,5.5,114,5.3,332,3,
2026-09-29,03:00,La Renegà,0.44,5.5,114,5.3,332,2,
2026-09-29,03:00,Nules,0.52,5.5,114,5.3,332,3,
2026-09-29,03:00,Peñíscola N,0.50,5.5,114,5.3,332,3,
2026-09-29,03:00,Pirámides,0.50,5.5,114,5.3,332,3,
2026-09-29,03:00,Planetario,0.52,5.5,114,5.3,332,3,
2026-09-29,03:00,Vinaròs,0.50,5.5,114,5.3,332,3,
2026-09-29,03:00,Voramar,0.45,5.5,114,5.3,332,4,
2026-09-29,04:00,Almenara,0.52,5.5,114,7.3,340,3,
2026-09-29,04:00,Burriana,0.52,5.5,114,7.3,340,3,
2026-09-29,04:00,Gurugu,0.52,5.5,114,7.3,340,3,
2026-09-29,04:00,La Renegà,0.44,5.5,114,7.3,340,2,
2026-09-29,04:00,Nules,0.52,5.5,114,7.3,340,3,
2026-09-29,04:00,Peñíscola N,0.50,5.5,114,7.3,340,3,
2026-09-29,04:00,Pirámides,0.50,5.5,114,7.3,340,3,
2026-09-29,04:00,Planetario,0.52,5.5,114,7.3,340,3,
2026-09-29,04:00,Vinaròs,0.50,5.5,114,7.3,340,3,
2026-09-29,04:00,Voramar,0.45,5.5,114,7.3,340,4,
2026-09-29,05:00,Almenara,0.52,5.5,113,5.8,338,3,
2026-09-29,05:00,Burriana,0.52,5.5,113,5.8,338,3,
2026-09-29,05:00,Gurugu,0.52,5.5,113,5.8,338,3,
2026-09-29,05:00,La Renegà,0.45,5.5,113,5.8,338,2,
2026-09-29,05:00,Nules,0.52,5.5,113,5.8,338,3,
2026-09-29,05:00,Peñíscola N,0.51,5.5,113,5.8,338,3,
2026-09-29,05:00,Pirámides,0.50,5.5,113,5.8,338,3,
2026-09-29,05:00,Planetario,0.52,5.5,113,5.8,338,3,
2026-09-29,05:00,Vinaròs,0.51,5.5,113,5.8,338,3,
2026-09-29,05:00,Voramar,0.45,5.5,113,5.8,338,4,
2026-09-29,06:00,Almenara,0.52,5.5,112,5.2,335,3,
2026-09-29,06:00,Burriana,0.52,5.5,112,5.2,335,3,
2026-09-29,06:00,Gurugu,0.52,5.5,112,5.2,335,3,
2026-09-29,06:00,La Renegà,0.45,5.5,112,5.2,335,2,
2026-09-29,06:00,Nules,0.52,5.5,112,5.2,335,3,
2026-09-29,06:00,Peñíscola N,0.51,5.5,112,5.2,335,3,
2026-09-29,06:00,Pirámides,0.50,5.5,112,5.2,335,3,
2026-09-29,06:00,Planetario,0.52,5.5,112,5.2,335,3,
2026-09-29,06:00,Vinaròs,0.51,5.5,112,5.2,335,3,
2026-09-29,06:00,Voramar,0.44,5.5,112,5.2,335,4,
2026-09-29,07:00,Almenara,0.52,5.5,112,5.9,308,5,
2026-09-29,07:00,Burriana,0.52,5.5,112,5.9,308,5,
2026-09-29,07:00,Gurugu,0.52,5.5,112,5.9,308,5,
2026-09-29,07:00,La Renegà,0.45,5.5,112,5.9,308,2,
2026-09-29,07:00,Nules,0.52,5.5,112,5.9,308,5,
2026-09-29,07:00,Peñíscola N,0.51,5.5,112,5.9,308,3,
2026-09-29,07:00,Pirámides,0.50,5.5,112,5.9,308,5,
2026-09-29,07:00,Planetario,0.52,5.5,112,5.9,308,5,
2026-09-29,07:00,Vinaròs,0.51,5.5,112,5.9,308,3,
2026-09-29,07:00,Voramar,0.44,5.5,112,5.9,308,4,
2026-09-29,08:00,Almenara,0.52,5.5,111,4.8,312,5,
2026-09-29,08:00,Burriana,0.52,5.5,111,4.8,312,5,
2026-09-29,08:00,Gurugu,0.52,5.5,111,4.8,312,5,
2026-09-29,08:00,La Renegà,0.45,5.5,111,4.8,312,2,
2026-09-29,08:00,Nules,0.52,5.5,111,4.8,312,5,
2026-09-29,08:00,Peñíscola N,0.51,5.5,111,4.8,312,3,
2026-09-29,08:00,Pirámides,0.50,5.5,111,4.8,312,5,
2026-09-29,08:00,Planetario,0.52,5.5,111,4.8,312,5,
2026-09-29,08:00,Vinaròs,0.51,5.5,111,4.8,312,3,
2026-09-29,08:00,Voramar,0.44,5.5,111,4.8,312,4,
2026-09-29,09:00,Almenara,0.50,5.5,110,3.8,343,3,
2026-09-29,09:00,Burriana,0.50,5.5,110,3.8,343,3,
2026-09-29,09:00,Gurugu,0.50,5.5,110,3.8,343,3,
2026-09-29,09:00,La Renegà,0.44,5.5,110,3.8,343,2,
2026-09-29,09:00,Nules,0.50,5.5,110,3.8,343,3,
2026-09-29,09:00,Peñíscola N,0.49,5.5,110,3.8,343,2,
2026-09-29,09:00,Pirámides,0.48,5.5,110,3.8,343,2,
2026-09-29,09:00,Planetario,0.50,5.5,110,3.8,343,3,
2026-09-29,09:00,Vinaròs,0.49,5.5,110,3.8,343,2,
2026-09-29,09:00,Voramar,0.41,5.5,110,3.8,343,4,
2026-09-29,10:00,Almenara,0.50,5.5,109,1.5,45,3,
2026-09-29,10:00,Burriana,0.50,5.5,109,1.5,45,3,
2026-09-29,10:00,Gurugu,0.50,5.5,109,1.5,45,3,
2026-09-29,10:00,La Renegà,0.45,5.5,109,1.5,45,2,
2026-09-29,10:00,Nules,0.50,5.5,109,1.5,45,3,
2026-09-29,10:00,Peñíscola N,0.49,5.5,109,1.5,45,2,
2026-09-29,10:00,Pirámides,0.47,5.5,109,1.5,45,2,
2026-09-29,10:00,Planetario,0.50,5.5,109,1.5,45,3,
2026-09-29,10:00,Vinaròs,0.49,5.5,109,1.5,45,2,
2026-09-29,10:00,Voramar,0.41,5.5,109,1.5,45,2,
2026-09-29,11:00,Almenara,0.48,5.5,108,4.3,95,2,
2026-09-29,11:00,Burriana,0.48,5.5,108,4.3,95,2,
2026-09-29,11:00,Gurugu,0.48,5.5,108,4.3,95,2,
2026-09-29,11:00,La Renegà,0.43,5.5,108,4.3,95,2,
2026-09-29,11:00,Nules,0.48,5.5,108,4.3,95,2,
2026-09-29,11:00,Peñíscola N,0.48,5.5,108,4.3,95,2,
2026-09-29,11:00,Pirámides,0.45,5.5,108,4.3,95,2,
2026-09-29,11:00,Planetario,0.48,5.5,108,4.3,95,2,
2026-09-29,11:00,Vinaròs,0.48,5.5,108,4.3,95,2,
2026-09-29,11:00,Voramar,0.39,5.5,108,4.3,95,2,
2026-09-29,12:00,Almenara,0.48,5.5,108,5.2,124,2,
2026-09-29,12:00,Burriana,0.48,5.5,108,5.2,124,2,
2026-09-29,12:00,Gurugu,0.48,5.5,108,5.2,124,2,
2026-09-29,12:00,La Renegà,0.43,5.5,108,5.2,124,2,
2026-09-29,12:00,Nules,0.48,5.5,108,5.2,124,2,
2026-09-29,12:00,Peñíscola N,0.48,5.5,108,5.2,124,2,
2026-09-29,12:00,Pirámides,0.45,5.5,108,5.2,124,2,
2026-09-29,12:00,Planetario,0.48,5.5,108,5.2,124,2,
2026-09-29,12:00,Vinaròs,0.48,5.5,108,5.2,124,2,
2026-09-29,12:00,Voramar,0.39,5.5,108,5.2,124,2,
2026-09-29,13:00,Almenara,0.47,5.5,107,8.2,139,2,
2026-09-29,13:00,Burriana,0.47,5.5,107,8.2,139,2,
2026-09-29,13:00,Gurugu,0.47,5.5,107,8.2,139,2,
2026-09-29,13:00,La Renegà,0.44,5.5,107,8.2,139,2,
2026-09-29,13:00,Nules,0.47,5.5,107,8.2,139,2,
2026-09-29,13:00,Peñíscola N,0.48,5.5,107,8.2,139,2,
2026-09-29,13:00,Pirámides,0.45,5.5,107,8.2,139,2,
2026-09-29,13:00,Planetario,0.47,5.5,107,8.2,139,2,
2026-09-29,13:00,Vinaròs,0.48,5.5,107,8.2,139,2,
2026-09-29,13:00,Voramar,0.38,5.5,107,8.2,139,2,
2026-09-29,14:00,Almenara,0.47,5.5,107,10.0,142,2,
2026-09-29,14:00,Burriana,0.47,5.5,107,10.0,142,2,
2026-09-29,14:00,Gurugu,0.47,5.5,107,10.0,142,2,
2026-09-29,14:00,La Renegà,0.44,5.5,107,10.0,142,2,
2026-09-29,14:00,Nules,0.47,5.5,107,10.0,142,2,
2026-09-29,14:00,Peñíscola N,0.48,5.5,107,10.0,142,2,
2026-09-29,14:00,Pirámides,0.45,5.5,107,10.0,142,2,
2026-09-29,14:00,Planetario,0.47,5.5,107,10.0,142,2,
2026-09-29,14:00,Vinaròs,0.48,5.5,107,10.0,142,2,
2026-09-29,14:00,Voramar,0.38,5.5,107,10.0,142,2,
2026-09-29,15:00,Almenara,0.47,5.5,107,9.2,138,2,
2026-09-29,15:00,Burriana,0.47,5.5,107,9.2,138,2,
2026-09-29,15:00,Gurugu,0.47,5.5,107,9.2,138,2,
2026-09-29,15:00,La Renegà,0.44,5.5,107,9.2,138,2,
2026-09-29,15:00,Nules,0.47,5.5,107,9.2,138,2,
2026-09-29,15:00,Peñíscola N,0.48,5.5,107,9.2,138,2,
2026-09-29,15:00,Pirámides,0.45,5.5,107,9.2,138,2,
2026-09-29,15:00,Planetario,0.47,5.5,107,9.2,138,2,
2026-09-29,15:00,Vinaròs,0.48,5.5,107,9.2,138,2,
2026-09-29,15:00,Voramar,0.38,5.5,107,9.2,138,2,
2026-09-29,16:00,Almenara,0.45,5.5,106,8.3,124,2,
2026-09-29,16:00,Burriana,0.45,5.5,106,8.3,124,2,
2026-09-29,16:00,Gurugu,0.45,5.5,106,8.3,124,2,
2026-09-29,16:00,La Renegà,0.42,5.5,106,8.3,124,2,
2026-09-29,16:00,Nules,0.45,5.5,106,8.3,124,2,
2026-09-29,16:00,Peñíscola N,0.46,5.5,106,8.3,124,2,
2026-09-29,16:00,Pirámides,0.43,5.5,106,8.3,124,2,
2026-09-29,16:00,Planetario,0.45,5.5,106,8.3,124,2,
2026-09-29,16:00,Vinaròs,0.46,5.5,106,8.3,124,2,
2026-09-29,16:00,Voramar,0.36,5.5,106,8.3,124,2,
2026-09-29,17:00,Almenara,0.45,5.5,106,7.8,124,2,
2026-09-29,17:00,Burriana,0.45,5.5,106,7.8,124,2,
2026-09-29,17:00,Gurugu,0.45,5.5,106,7.8,124,2,
2026-09-29,17:00,La Renegà,0.42,5.5,106,7.8,124,2,
2026-09-29,17:00,Nules,0.45,5.5,106,7.8,124,2,
2026-09-29,17:00,Peñíscola N,0.46,5.5,106,7.8,124,2,
2026-09-29,17:00,Pirámides,0.43,5.5,106,7.8,124,2,
2026-09-29,17:00,Planetario,0.45,5.5,106,7.8,124,2,
2026-09-29,17:00,Vinaròs,0.46,5.5,106,7.8,124,2,
2026-09-29,17:00,Voramar,0.36,5.5,106,7.8,124,2,
2026-09-29,18:00,Almenara,0.43,5.5,105,8.2,128,2,
2026-09-29,18:00,Burriana,0.43,5.5,105,8.2,128,2,
2026-09-29,18:00,Gurugu,0.43,5.5,105,8.2,128,2,
2026-09-29,18:00,La Renegà,0.41,5.5,105,8.2,128,2,
2026-09-29,18:00,Nules,0.43,5.5,105,8.2,128,2,
2026-09-29,18:00,Peñíscola N,0.44,5.5,105,8.2,128,2,
2026-09-29,18:00,Pirámides,0.40,5.5,105,8.2,128,2,
2026-09-29,18:00,Planetario,0.43,5.5,105,8.2,128,2,
2026-09-29,18:00,Vinaròs,0.44,5.5,105,8.2,128,2,
2026-09-29,18:00,Voramar,0.34,5.5,105,8.2,128,1,
2026-09-29,19:00,Almenara,0.43,5.4,105,6.5,124,2,
2026-09-29,19:00,Burriana,0.43,5.4,105,6.5,124,2,
2026-09-29,19:00,Gurugu,0.43,5.4,105,6.5,124,2,
2026-09-29,19:00,La Renegà,0.41,5.4,105,6.5,124,2,
2026-09-29,19:00,Nules,0.43,5.4,105,6.5,124,2,
2026-09-29,19:00,Peñíscola N,0.44,5.4,105,6.5,124,2,
2026-09-29,19:00,Pirámides,0.40,5.4,105,6.5,124,2,
2026-09-29,19:00,Planetario,0.43,5.4,105,6.5,124,2,
2026-09-29,19:00,Vinaròs,0.44,5.4,105,6.5,124,2,
2026-09-29,19:00,Voramar,0.34,5.4,105,6.5,124,1,
2026-09-29,20:00,Almenara,0.41,5.4,104,4.3,138,2,
2026-09-29,20:00,Burriana,0.41,5.4,104,4.3,138,2,
2026-09-29,20:00,Gurugu,0.41,5.4,104,4.3,138,2,
2026-09-29,20:00,La Renegà,0.39,5.4,104,4.3,138,2,
2026-09-29,20:00,Nules,0.41,5.4,104,4.3,138,2,
2026-09-29,20:00,Peñíscola N,0.42,5.4,104,4.3,138,2,
2026-09-29,20:00,Pirámides,0.38,5.4,104,4.3,138,2,
2026-09-29,20:00,Planetario,0.41,5.4,104,4.3,138,2,
2026-09-29,20:00,Vinaròs,0.42,5.4,104,4.3,138,2,
2026-09-29,20:00,Voramar,0.32,5.4,104,4.3,138,1,
2026-09-29,21:00,Almenara,0.41,5.4,104,1.3,146,2,
2026-09-29,21:00,Burriana,0.41,5.4,104,1.3,146,2,
2026-09-29,21:00,Gurugu,0.41,5.4,104,1.3,146,2,
2026-09-29,21:00,La Renegà,0.39,5.4,104,1.3,146,2,
2026-09-29,21:00,Nules,0.41,5.4,104,1.3,146,2,
2026-09-29,21:00,Peñíscola N,0.42,5.4,104,1.3,146,2,
2026-09-29,21:00,Pirámides,0.38,5.4,104,1.3,146,2,
2026-09-29,21:00,Planetario,0.41,5.4,104,1.3,146,2,
2026-09-29,21:00,Vinaròs,0.42,5.4,104,1.3,146,2,
2026-09-29,21:00,Voramar,0.32,5.4,104,1.3,146,1,
2026-09-29,22:00,Almenara,0.41,5.4,104,1.3,326,2,
2026-09-29,22:00,Burriana,0.41,5.4,104,1.3,326,2,
2026-09-29,22:00,Gurugu,0.41,5.4,104,1.3,326,2,
2026-09-29,22:00,La Renegà,0.39,5.4,104,1.3,326,2,
2026-09-29,22:00,Nules,0.41,5.4,104,1.3,326,2,
2026-09-29,22:00,Peñíscola N,0.42,5.4,104,1.3,326,2,
2026-09-29,22:00,Pirámides,0.38,5.4,104,1.3,326,4,
2026-09-29,22:00,Planetario,0.41,5.4,104,1.3,326,2,
2026-09-29,22:00,Vinaròs,0.42,5.4,104,1.3,326,2,
2026-09-29,22:00,Voramar,0.32,5.4,104,1.3,326,1,
2026-09-29,23:00,Almenara,0.41,5.4,104,2.8,310,4,
2026-09-29,23:00,Burriana,0.41,5.4,104,2.8,310,4,
2026-09-29,23:00,Gurugu,0.41,5.4,104,2.8,310,4,
2026-09-29,23:00,La Renegà,0.39,5.4,104,2.8,310,2,
2026-09-29,23:00,Nules,0.41,5.4,104,2.8,310,4,
2026-09-29,23:00,Peñíscola N,0.42,5.4,104,2.8,310,2,
2026-09-29,23:00,Pirámides,0.38,5.4,104,2.8,310,4,
2026-09-29,23:00,Planetario,0.41,5.4,104,2.8,310,4,
2026-09-29,23:00,Vinaròs,0.42,5.4,104,2.8,310,2,
2026-09-29,23:00,Voramar,0.32,5.4,104,2.8,310,1,
2026-09-30,00:00,Almenara,0.52,5.8,102,3.9,338,3,
2026-09-30,00:00,Burriana,0.52,5.8,102,3.9,338,3,
2026-09-30,00:00,Gurugu,0.52,5.8,102,3.9,338,3,
2026-09-30,00:00,La Renegà,0.51,5.8,102,3.9,338,3,
2026-09-30,00:00,Nules,0.52,5.8,102,3.9,338,3,
2026-09-30,00:00,Peñíscola N,0.54,5.8,102,3.9,338,3,
2026-09-30,00:00,Pirámides,0.49,5.8,102,3.9,338,2,
2026-09-30,00:00,Planetario,0.52,5.8,102,3.9,338,3,
2026-09-30,00:00,Vinaròs,0.54,5.8,102,3.9,338,3,
2026-09-30,00:00,Voramar,0.40,5.8,102,3.9,338,4,
2026-09-30,01:00,Almenara,0.53,5.8,104,3.7,349,3,
2026-09-30,01:00,Burriana,0.53,5.8,104,3.7,349,3,
2026-09-30,01:00,Gurugu,0.53,5.8,104,3.7,349,3,
2026-09-30,01:00,La Renegà,0.50,5.8,104,3.7,349,3,
2026-09-30,01:00,Nules,0.53,5.8,104,3.7,349,3,
2026-09-30,01:00,Peñíscola N,0.54,5.8,104,3.7,349,3,
2026-09-30,01:00,Pirámides,0.49,5.8,104,3.7,349,2,
2026-09-30,01:00,Planetario,0.53,5.8,104,3.7,349,3,
2026-09-30,01:00,Vinaròs,0.54,5.8,104,3.7,349,3,
2026-09-30,01:00,Voramar,0.41,5.8,104,3.7,349,4,
2026-09-30,02:00,Almenara,0.51,5.7,105,4.5,346,3,
2026-09-30,02:00,Burriana,0.51,5.7,105,4.5,346,3,
2026-09-30,02:00,Gurugu,0.51,5.7,105,4.5,346,3,
2026-09-30,02:00,La Renegà,0.48,5.7,105,4.5,346,2,
2026-09-30,02:00,Nules,0.51,5.7,105,4.5,346,3,
2026-09-30,02:00,Peñíscola N,0.52,5.7,105,4.5,346,3,
2026-09-30,02:00,Pirámides,0.48,5.7,105,4.5,346,2,
2026-09-30,02:00,Planetario,0.51,5.7,105,4.5,346,3,
2026-09-30,02:00,Vinaròs,0.52,5.7,105,4.5,346,3,
2026-09-30,02:00,Voramar,0.40,5.7,105,4.5,346,4,
2026-09-30,03:00,Almenara,0.49,5.6,105,5.2,348,2,
2026-09-30,03:00,Burriana,0.49,5.6,105,5.2,348,2,
2026-09-30,03:00,Gurugu,0.49,5.6,105,5.2,348,2,
2026-09-30,03:00,La Renegà,0.46,5.6,105,5.2,348,2,
2026-09-30,03:00,Nules,0.49,5.6,105,5.2,348,2,
2026-09-30,03:00,Peñíscola N,0.50,5.6,105,5.2,348,3,
2026-09-30,03:00,Pirámides,0.46,5.6,105,5.2,348,2,
2026-09-30,03:00,Planetario,0.49,5.6,105,5.2,348,2,
2026-09-30,03:00,Vinaròs,0.50,5.6,105,5.2,348,3,
2026-09-30,03:00,Voramar,0.39,5.6,105,5.2,348,4,
2026-09-30,04:00,Almenara,0.49,5.5,106,5.4,340,2,
2026-09-30,04:00,Burriana,0.49,5.5,106,5.4,340,2,
2026-09-30,04:00,Gurugu,0.49,5.5,106,5.4,340,2,
2026-09-30,04:00,La Renegà,0.46,5.5,106,5.4,340,2,
2026-09-30,04:00,Nules,0.49,5.5,106,5.4,340,2,
2026-09-30,04:00,Peñíscola N,0.50,5.5,106,5.4,340,3,
2026-09-30,04:00,Pirámides,0.46,5.5,106,5.4,340,2,
2026-09-30,04:00,Planetario,0.49,5.5,106,5.4,340,2,
2026-09-30,04:00,Vinaròs,0.50,5.5,106,5.4,340,3,
2026-09-30,04:00,Voramar,0.39,5.5,106,5.4,340,4,
2026-09-30,05:00,Almenara,0.47,5.5,106,5.6,345,2,
2026-09-30,05:00,Burriana,0.47,5.5,106,5.6,345,2,
2026-09-30,05:00,Gurugu,0.47,5.5,106,5.6,345,2,
2026-09-30,05:00,La Renegà,0.44,5.5,106,5.6,345,2,
2026-09-30,05:00,Nules,0.47,5.5,106,5.6,345,2,
2026-09-30,05:00,Peñíscola N,0.48,5.5,106,5.6,345,2,
2026-09-30,05:00,Pirámides,0.44,5.5,106,5.6,345,2,
2026-09-30,05:00,Planetario,0.47,5.5,106,5.6,345,2,
2026-09-30,05:00,Vinaròs,0.48,5.5,106,5.6,345,2,
2026-09-30,05:00,Voramar,0.38,5.5,106,5.6,345,4,
2026-09-30,06:00,Almenara,0.47,5.4,106,5.2,344,2,
2026-09-30,06:00,Burriana,0.47,5.4,106,5.2,344,2,
2026-09-30,06:00,Gurugu,0.47,5.4,106,5.2,344,2,
2026-09-30,06:00,La Renegà,0.44,5.4,106,5.2,344,2,
2026-09-30,06:00,Nules,0.47,5.4,106,5.2,344,2,
2026-09-30,06:00,Peñíscola N,0.48,5.4,106,5.2,344,2,
2026-09-30,06:00,Pirámides,0.44,5.4,106,5.2,344,2,
2026-09-30,06:00,Planetario,0.47,5.4,106,5.2,344,2,
2026-09-30,06:00,Vinaròs,0.48,5.4,106,5.2,344,2,
2026-09-30,06:00,Voramar,0.38,5.4,106,5.2,344,4,
2026-09-30,07:00,Almenara,0.45,5.3,106,5.3,332,2,
2026-09-30,07:00,Burriana,0.45,5.3,106,5.3,332,2,
2026-09-30,07:00,Gurugu,0.45,5.3,106,5.3,332,2,
2026-09-30,07:00,La Renegà,0.42,5.3,106,5.3,332,2,
2026-09-30,07:00,Nules,0.45,5.3,106,5.3,332,2,
2026-09-30,07:00,Peñíscola N,0.46,5.3,106,5.3,332,2,
2026-09-30,07:00,Pirámides,0.43,5.3,106,5.3,332,2,
2026-09-30,07:00,Planetario,0.45,5.3,106,5.3,332,2,
2026-09-30,07:00,Vinaròs,0.46,5.3,106,5.3,332,2,
2026-09-30,07:00,Voramar,0.36,5.3,106,5.3,332,4,
2026-09-30,08:00,Almenara,0.45,5.3,106,5.8,353,2,
2026-09-30,08:00,Burriana,0.45,5.3,106,5.8,353,2,
2026-09-30,08:00,Gurugu,0.45,5.3,106,5.8,353,2,
2026-09-30,08:00,La Renegà,0.42,5.3,106,5.8,353,2,
2026-09-30,08:00,Nules,0.45,5.3,106,5.8,353,2,
2026-09-30,08:00,Peñíscola N,0.46,5.3,106,5.8,353,2,
2026-09-30,08:00,Pirámides,0.43,5.3,106,5.8,353,2,
2026-09-30,08:00,Planetario,0.45,5.3,106,5.8,353,2,
2026-09-30,08:00,Vinaròs,0.46,5.3,106,5.8,353,2,
2026-09-30,08:00,Voramar,0.36,5.3,106,5.8,353,2,
2026-09-30,09:00,Almenara,0.43,5.2,105,5.2,348,2,
2026-09-30,09:00,Burriana,0.43,5.2,105,5.2,348,2,
2026-09-30,09:00,Gurugu,0.43,5.2,105,5.2,348,2,
2026-09-30,09:00,La Renegà,0.41,5.2,105,5.2,348,2,
2026-09-30,09:00,Nules,0.43,5.2,105,5.2,348,2,
2026-09-30,09:00,Peñíscola N,0.44,5.2,105,5.2,348,2,
2026-09-30,09:00,Pirámides,0.40,5.2,105,5.2,348,2,
2026-09-30,09:00,Planetario,0.43,5.2,105,5.2,348,2,
2026-09-30,09:00,Vinaròs,0.44,5.2,105,5.2,348,2,
2026-09-30,09:00,Voramar,0.34,5.2,105,5.2,348,1,
2026-09-30,10:00,Almenara,0.43,5.2,105,4.6,342,2,
2026-09-30,10:00,Burriana,0.43,5.2,105,4.6,342,2,
2026-09-30,10:00,Gurugu,0.43,5.2,105,4.6,342,2,
2026-09-30,10:00,La Renegà,0.41,5.2,105,4.6,342,2,
2026-09-30,10:00,Nules,0.43,5.2,105,4.6,342,2,
2026-09-30,10:00,Peñíscola N,0.44,5.2,105,4.6,342,2,
2026-09-30,10:00,Pirámides,0.40,5.2,105,4.6,342,2,
2026-09-30,10:00,Planetario,0.43,5.2,105,4.6,342,2,
2026-09-30,10:00,Vinaròs,0.44,5.2,105,4.6,342,2,
2026-09-30,10:00,Voramar,0.34,5.2,105,4.6,342,1,
2026-09-30,11:00,Almenara,0.41,5.2,104,4.0,350,2,
2026-09-30,11:00,Burriana,0.41,5.2,104,4.0,350,2,
2026-09-30,11:00,Gurugu,0.41,5.2,104,4.0,350,2,
2026-09-30,11:00,La Renegà,0.39,5.2,104,4.0,350,2,
2026-09-30,11:00,Nules,0.41,5.2,104,4.0,350,2,
2026-09-30,11:00,Peñíscola N,0.42,5.2,104,4.0,350,2,
2026-09-30,11:00,Pirámides,0.38,5.2,104,4.0,350,2,
2026-09-30,11:00,Planetario,0.41,5.2,104,4.0,350,2,
2026-09-30,11:00,Vinaròs,0.42,5.2,104,4.0,350,2,
2026-09-30,11:00,Voramar,0.32,5.2,104,4.0,350,1,
2026-09-30,12:00,Almenara,0.39,5.2,104,1.8,79,2,
2026-09-30,12:00,Burriana,0.39,5.2,104,1.8,79,2,
2026-09-30,12:00,Gurugu,0.39,5.2,104,1.8,79,2,
2026-09-30,12:00,La Renegà,0.37,5.2,104,1.8,79,2,
2026-09-30,12:00,Nules,0.39,5.2,104,1.8,79,2,
2026-09-30,12:00,Peñíscola N,0.40,5.2,104,1.8,79,2,
2026-09-30,12:00,Pirámides,0.37,5.2,104,1.8,79,2,
2026-09-30,12:00,Planetario,0.39,5.2,104,1.8,79,2,
2026-09-30,12:00,Vinaròs,0.40,5.2,104,1.8,79,2,
2026-09-30,12:00,Voramar,0.31,5.2,104,1.8,79,1,
2026-09-30,13:00,Almenara,0.39,5.2,103,4.3,114,2,
2026-09-30,13:00,Burriana,0.39,5.2,103,4.3,114,2,
2026-09-30,13:00,Gurugu,0.39,5.2,103,4.3,114,2,
2026-09-30,13:00,La Renegà,0.37,5.2,103,4.3,114,2,
2026-09-30,13:00,Nules,0.39,5.2,103,4.3,114,2,
2026-09-30,13:00,Peñíscola N,0.40,5.2,103,4.3,114,2,
2026-09-30,13:00,Pirámides,0.36,5.2,103,4.3,114,2,
2026-09-30,13:00,Planetario,0.39,5.2,103,4.3,114,2,
2026-09-30,13:00,Vinaròs,0.40,5.2,103,4.3,114,2,
2026-09-30,13:00,Voramar,0.30,5.2,103,4.3,114,1,
2026-09-30,14:00,Almenara,0.37,5.2,103,8.0,117,2,
2026-09-30,14:00,Burriana,0.37,5.2,103,8.0,117,2,
2026-09-30,14:00,Gurugu,0.37,5.2,103,8.0,117,2,
2026-09-30,14:00,La Renegà,0.35,5.2,103,8.0,117,2,
2026-09-30,14:00,Nules,0.37,5.2,103,8.0,117,2,
2026-09-30,14:00,Peñíscola N,0.38,5.2,103,8.0,117,2,
2026-09-30,14:00,Pirámides,0.34,5.2,103,8.0,117,1,
2026-09-30,14:00,Planetario,0.37,5.2,103,8.0,117,2,
2026-09-30,14:00,Vinaròs,0.38,5.2,103,8.0,117,2,
2026-09-30,14:00,Voramar,0.29,5.2,103,8.0,117,1,
2026-09-30,15:00,Almenara,0.37,5.2,103,9.5,115,2,
2026-09-30,15:00,Burriana,0.37,5.2,103,9.5,115,2,
2026-09-30,15:00,Gurugu,0.37,5.2,103,9.5,115,2,
2026-09-30,15:00,La Renegà,0.35,5.2,103,9.5,115,2,
2026-09-30,15:00,Nules,0.37,5.2,103,9.5,115,2,
2026-09-30,15:00,Peñíscola N,0.38,5.2,103,9.5,115,2,
2026-09-30,15:00,Pirámides,0.34,5.2,103,9.5,115,1,
2026-09-30,15:00,Planetario,0.37,5.2,103,9.5,115,2,
2026-09-30,15:00,Vinaròs,0.38,5.2,103,9.5,115,2,
2026-09-30,15:00,Voramar,0.29,5.2,103,9.5,115,1,
2026-09-30,16:00,Almenara,0.35,5.2,104,9.7,112,2,
2026-09-30,16:00,Burriana,0.35,5.2,104,9.7,112,2,
2026-09-30,16:00,Gurugu,0.35,5.2,104,9.7,112,2,
2026-09-30,16:00,La Renegà,0.33,5.2,104,9.7,112,1,
2026-09-30,16:00,Nules,0.35,5.2,104,9.7,112,2,
2026-09-30,16:00,Peñíscola N,0.36,5.2,104,9.7,112,2,
2026-09-30,16:00,Pirámides,0.33,5.2,104,9.7,112,1,
2026-09-30,16:00,Planetario,0.35,5.2,104,9.7,112,2,
2026-09-30,16:00,Vinaròs,0.36,5.2,104,9.7,112,2,
2026-09-30,16:00,Voramar,0.28,5.2,104,9.7,112,1,
2026-09-30,17:00,Almenara,0.35,5.2,104,7.9,120,2,
2026-09-30,17:00,Burriana,0.35,5.2,104,7.9,120,2,
2026-09-30,17:00,Gurugu,0.35,5.2,104,7.9,120,2,
2026-09-30,17:00,La Renegà,0.33,5.2,104,7.9,120,1,
2026-09-30,17:00,Nules,0.35,5.2,104,7.9,120,2,
2026-09-30,17:00,Peñíscola N,0.36,5.2,104,7.9,120,2,
2026-09-30,17:00,Pirámides,0.33,5.2,104,7.9,120,1,
2026-09-30,17:00,Planetario,0.35,5.2,104,7.9,120,2,
2026-09-30,17:00,Vinaròs,0.36,5.2,104,7.9,120,2,
2026-09-30,17:00,Voramar,0.28,5.2,104,7.9,120,1,
2026-09-30,18:00,Almenara,0.35,5.2,104,5.8,120,2,
2026-09-30,18:00,Burriana,0.35,5.2,104,5.8,120,2,
2026-09-30,18:00,Gurugu,0.35,5.2,104,5.8,120,2,
2026-09-30,18:00,La Renegà,0.33,5.2,104,5.8,120,1,
2026-09-30,18:00,Nules,0.35,5.2,104,5.8,120,2,
2026-09-30,18:00,Peñíscola N,0.36,5.2,104,5.8,120,2,
2026-09-30,18:00,Pirámides,0.33,5.2,104,5.8,120,1,
2026-09-30,18:00,Planetario,0.35,5.2,104,5.8,120,2,
2026-09-30,18:00,Vinaròs,0.36,5.2,104,5.8,120,2,
2026-09-30,18:00,Voramar,0.28,5.2,104,5.8,120,1,
2026-09-30,19:00,Almenara,0.35,5.2,104,4.4,99,2,
2026-09-30,19:00,Burriana,0.35,5.2,104,4.4,99,2,
2026-09-30,19:00,Gurugu,0.35,5.2,104,4.4,99,2,
2026-09-30,19:00,La Renegà,0.33,5.2,104,4.4,99,1,
2026-09-30,19:00,Nules,0.35,5.2,104,4.4,99,2,
2026-09-30,19:00,Peñíscola N,0.36,5.2,104,4.4,99,2,
2026-09-30,19:00,Pirámides,0.33,5.2,104,4.4,99,1,
2026-09-30,19:00,Planetario,0.35,5.2,104,4.4,99,2,
2026-09-30,19:00,Vinaròs,0.36,5.2,104,4.4,99,2,
2026-09-30,19:00,Voramar,0.28,5.2,104,4.4,99,1,
2026-09-30,20:00,Almenara,0.35,5.2,104,1.8,90,2,
2026-09-30,20:00,Burriana,0.35,5.2,104,1.8,90,2,
2026-09-30,20:00,Gurugu,0.35,5.2,104,1.8,90,2,
2026-09-30,20:00,La Renegà,0.33,5.2,104,1.8,90,1,
2026-09-30,20:00,Nules,0.35,5.2,104,1.8,90,2,
2026-09-30,20:00,Peñíscola N,0.36,5.2,104,1.8,90,2,
2026-09-30,20:00,Pirámides,0.33,5.2,104,1.8,90,1,
2026-09-30,20:00,Planetario,0.35,5.2,104,1.8,90,2,
2026-09-30,20:00,Vinaròs,0.36,5.2,104,1.8,90,2,
2026-09-30,20:00,Voramar,0.28,5.2,104,1.8,90,1,
2026-09-30,21:00,Almenara,0.35,5.2,104,0.7,90,2,
2026-09-30,21:00,Burriana,0.35,5.2,104,0.7,90,2,
2026-09-30,21:00,Gurugu,0.35,5.2,104,0.7,90,2,
2026-09-30,21:00,La Renegà,0.33,5.2,104,0.7,90,1,
2026-09-30,21:00,Nules,0.35,5.2,104,0.7,90,2,
2026-09-30,21:00,Peñíscola N,0.36,5.2,104,0.7,90,2,
2026-09-30,21:00,Pirámides,0.33,5.2,104,0.7,90,1,
2026-09-30,21:00,Planetario,0.35,5.2,104,0.7,90,2,
2026-09-30,21:00,Vinaròs,0.36,5.2,104,0.7,90,2,
2026-09-30,21:00,Voramar,0.28,5.2,104,0.7,90,1,
2026-09-30,22:00,Almenara,0.33,5.2,104,4.3,42,1,
2026-09-30,22:00,Burriana,0.33,5.2,104,4.3,42,1,
2026-09-30,22:00,Gurugu,0.33,5.2,104,4.3,42,1,
2026-09-30,22:00,La Renegà,0.32,5.2,104,4.3,42,1,
2026-09-30,22:00,Nules,0.33,5.2,104,4.3,42,1,
2026-09-30,22:00,Peñíscola N,0.34,5.2,104,4.3,42,1,
2026-09-30,22:00,Pirámides,0.31,5.2,104,4.3,42,1,
2026-09-30,22:00,Planetario,0.33,5.2,104,4.3,42,1,
2026-09-30,22:00,Vinaròs,0.34,5.2,104,4.3,42,1,
2026-09-30,22:00,Voramar,0.26,5.2,104,4.3,42,1,
2026-09-30,23:00,Almenara,0.33,5.2,104,3.1,249,1,
2026-09-30,23:00,Burriana,0.33,5.2,104,3.1,249,1,
2026-09-30,23:00,Gurugu,0.33,5.2,104,3.1,249,1,
2026-09-30,23:00,La Renegà,0.32,5.2,104,3.1,249,1,
2026-09-30,23:00,Nules,0.33,5.2,104,3.1,249,1,
2026-09-30,23:00,Peñíscola N,0.34,5.2,104,3.1,249,1,
2026-09-30,23:00,Pirámides,0.31,5.2,104,3.1,249,1,
2026-09-30,23:00,Planetario,0.33,5.2,104,3.1,249,1,
2026-09-30,23:00,Vinaròs,0.34,5.2,104,3.1,249,1,
2026-09-30,23:00,Voramar,0.26,5.2,104,3.1,249,1,
2026-10-01,00:00,Almenara,0.35,5.8,100,3.6,307,4,
2026-10-01,00:00,Burriana,0.35,5.8,100,3.6,307,4,
2026-10-01,00:00,Gurugu,0.35,5.8,100,3.6,307,4,
2026-10-01,00:00,La Renegà,0.34,5.8,100,3.6,307,1,
2026-10-01,00:00,Nules,0.35,5.8,100,3.6,307,4,
2026-10-01,00:00,Peñíscola N,0.36,5.8,100,3.6,307,2,
2026-10-01,00:00,Pirámides,0.32,5.8,100,3.6,307,1,
2026-10-01,00:00,Planetario,0.35,5.8,100,3.6,307,4,
2026-10-01,00:00,Vinaròs,0.36,5.8,100,3.6,307,2,
2026-10-01,00:00,Voramar,0.26,5.8,100,3.6,307,1,
2026-10-01,01:00,Almenara,0.35,5.8,101,4.4,351,2,
2026-10-01,01:00,Burriana,0.35,5.8,101,4.4,351,2,
2026-10-01,01:00,Gurugu,0.35,5.8,101,4.4,351,2,
2026-10-01,01:00,La Renegà,0.34,5.8,101,4.4,351,1,
2026-10-01,01:00,Nules,0.35,5.8,101,4.4,351,2,
2026-10-01,01:00,Peñíscola N,0.36,5.8,101,4.4,351,2,
2026-10-01,01:00,Pirámides,0.32,5.8,101,4.4,351,1,
2026-10-01,01:00,Planetario,0.35,5.8,101,4.4,351,2,
2026-10-01,01:00,Vinaròs,0.36,5.8,101,4.4,351,2,
2026-10-01,01:00,Voramar,0.26,5.8,101,4.4,351,1,
2026-10-01,02:00,Almenara,0.35,5.8,101,3.2,333,2,
2026-10-01,02:00,Burriana,0.35,5.8,101,3.2,333,2,
2026-10-01,02:00,Gurugu,0.35,5.8,101,3.2,333,2,
2026-10-01,02:00,La Renegà,0.34,5.8,101,3.2,333,1,
2026-10-01,02:00,Nules,0.35,5.8,101,3.2,333,2,
2026-10-01,02:00,Peñíscola N,0.36,5.8,101,3.2,333,2,
2026-10-01,02:00,Pirámides,0.32,5.8,101,3.2,333,1,
2026-10-01,02:00,Planetario,0.35,5.8,101,3.2,333,2,
2026-10-01,02:00,Vinaròs,0.36,5.8,101,3.2,333,2,
2026-10-01,02:00,Voramar,0.26,5.8,101,3.2,333,1,
2026-10-01,03:00,Almenara,0.35,5.8,101,6.1,3,2,
2026-10-01,03:00,Burriana,0.35,5.8,101,6.1,3,2,
2026-10-01,03:00,Gurugu,0.35,5.8,101,6.1,3,2,
2026-10-01,03:00,La Renegà,0.34,5.8,101,6.1,3,1,
2026-10-01,03:00,Nules,0.35,5.8,101,6.1,3,2,
2026-10-01,03:00,Peñíscola N,0.36,5.8,101,6.1,3,2,
2026-10-01,03:00,Pirámides,0.32,5.8,101,6.1,3,1,
2026-10-01,03:00,Planetario,0.35,5.8,101,6.1,3,2,
2026-10-01,03:00,Vinaròs,0.36,5.8,101,6.1,3,2,
2026-10-01,03:00,Voramar,0.26,5.8,101,6.1,3,1,
2026-10-01,04:00,Almenara,0.37,5.7,102,5.8,353,2,
2026-10-01,04:00,Burriana,0.37,5.7,102,5.8,353,2,
2026-10-01,04:00,Gurugu,0.37,5.7,102,5.8,353,2,
2026-10-01,04:00,La Renegà,0.36,5.7,102,5.8,353,2,
2026-10-01,04:00,Nules,0.37,5.7,102,5.8,353,2,
2026-10-01,04:00,Peñíscola N,0.38,5.7,102,5.8,353,2,
2026-10-01,04:00,Pirámides,0.34,5.7,102,5.8,353,1,
2026-10-01,04:00,Planetario,0.37,5.7,102,5.8,353,2,
2026-10-01,04:00,Vinaròs,0.38,5.7,102,5.8,353,2,
2026-10-01,04:00,Voramar,0.28,5.7,102,5.8,353,1,
2026-10-01,05:00,Almenara,0.37,5.7,102,4.5,331,2,
2026-10-01,05:00,Burriana,0.37,5.7,102,4.5,331,2,
2026-10-01,05:00,Gurugu,0.37,5.7,102,4.5,331,2,
2026-10-01,05:00,La Renegà,0.36,5.7,102,4.5,331,2,
2026-10-01,05:00,Nules,0.37,5.7,102,4.5,331,2,
2026-10-01,05:00,Peñíscola N,0.38,5.7,102,4.5,331,2,
2026-10-01,05:00,Pirámides,0.34,5.7,102,4.5,331,1,
2026-10-01,05:00,Planetario,0.37,5.7,102,4.5,331,2,
2026-10-01,05:00,Vinaròs,0.38,5.7,102,4.5,331,2,
2026-10-01,05:00,Voramar,0.28,5.7,102,4.5,331,1,
2026-10-01,06:00,Almenara,0.37,5.7,102,5.5,337,2,
2026-10-01,06:00,Burriana,0.37,5.7,102,5.5,337,2,
2026-10-01,06:00,Gurugu,0.37,5.7,102,5.5,337,2,
2026-10-01,06:00,La Renegà,0.36,5.7,102,5.5,337,2,
2026-10-01,06:00,Nules,0.37,5.7,102,5.5,337,2,
2026-10-01,06:00,Peñíscola N,0.38,5.7,102,5.5,337,2,
2026-10-01,06:00,Pirámides,0.34,5.7,102,5.5,337,1,
2026-10-01,06:00,Planetario,0.37,5.7,102,5.5,337,2,
2026-10-01,06:00,Vinaròs,0.38,5.7,102,5.5,337,2,
2026-10-01,06:00,Voramar,0.28,5.7,102,5.5,337,1,
2026-10-01,07:00,Almenara,0.37,5.7,102,6.4,344,2,
2026-10-01,07:00,Burriana,0.37,5.7,102,6.4,344,2,
2026-10-01,07:00,Gurugu,0.37,5.7,102,6.4,344,2,
2026-10-01,07:00,La Renegà,0.36,5.7,102,6.4,344,2,
2026-10-01,07:00,Nules,0.37,5.7,102,6.4,344,2,
2026-10-01,07:00,Peñíscola N,0.38,5.7,102,6.4,344,2,
2026-10-01,07:00,Pirámides,0.34,5.7,102,6.4,344,1,
2026-10-01,07:00,Planetario,0.37,5.7,102,6.4,344,2,
2026-10-01,07:00,Vinaròs,0.38,5.7,102,6.4,344,2,
2026-10-01,07:00,Voramar,0.28,5.7,102,6.4,344,1,
2026-10-01,08:00,Almenara,0.37,5.7,102,6.5,341,2,
2026-10-01,08:00,Burriana,0.37,5.7,102,6.5,341,2,
2026-10-01,08:00,Gurugu,0.37,5.7,102,6.5,341,2,
2026-10-01,08:00,La Renegà,0.36,5.7,102,6.5,341,2,
2026-10-01,08:00,Nules,0.37,5.7,102,6.5,341,2,
2026-10-01,08:00,Peñíscola N,0.38,5.7,102,6.5,341,2,
2026-10-01,08:00,Pirámides,0.34,5.7,102,6.5,341,1,
2026-10-01,08:00,Planetario,0.37,5.7,102,6.5,341,2,
2026-10-01,08:00,Vinaròs,0.38,5.7,102,6.5,341,2,
2026-10-01,08:00,Voramar,0.28,5.7,102,6.5,341,1,
2026-10-01,09:00,Almenara,0.37,5.7,102,6.2,339,2,
2026-10-01,09:00,Burriana,0.37,5.7,102,6.2,339,2,
2026-10-01,09:00,Gurugu,0.37,5.7,102,6.2,339,2,
2026-10-01,09:00,La Renegà,0.36,5.7,102,6.2,339,2,
2026-10-01,09:00,Nules,0.37,5.7,102,6.2,339,2,
2026-10-01,09:00,Peñíscola N,0.38,5.7,102,6.2,339,2,
2026-10-01,09:00,Pirámides,0.34,5.7,102,6.2,339,1,
2026-10-01,09:00,Planetario,0.37,5.7,102,6.2,339,2,
2026-10-01,09:00,Vinaròs,0.38,5.7,102,6.2,339,2,
2026-10-01,09:00,Voramar,0.28,5.7,102,6.2,339,1,
2026-10-01,10:00,Almenara,0.37,5.7,101,5.8,356,2,
2026-10-01,10:00,Burriana,0.37,5.7,101,5.8,356,2,
2026-10-01,10:00,Gurugu,0.37,5.7,101,5.8,356,2,
2026-10-01,10:00,La Renegà,0.36,5.7,101,5.8,356,2,
2026-10-01,10:00,Nules,0.37,5.7,101,5.8,356,2,
2026-10-01,10:00,Peñíscola N,0.38,5.7,101,5.8,356,2,
2026-10-01,10:00,Pirámides,0.34,5.7,101,5.8,356,1,
2026-10-01,10:00,Planetario,0.37,5.7,101,5.8,356,2,
2026-10-01,10:00,Vinaròs,0.38,5.7,101,5.8,356,2,
2026-10-01,10:00,Voramar,0.28,5.7,101,5.8,356,1,
2026-10-01,11:00,Almenara,0.37,5.5,101,7.2,27,2,
2026-10-01,11:00,Burriana,0.37,5.5,101,7.2,27,2,
2026-10-01,11:00,Gurugu,0.37,5.5,101,7.2,27,2,
2026-10-01,11:00,La Renegà,0.36,5.5,101,7.2,27,2,
2026-10-01,11:00,Nules,0.37,5.5,101,7.2,27,2,
2026-10-01,11:00,Peñíscola N,0.38,5.5,101,7.2,27,2,
2026-10-01,11:00,Pirámides,0.34,5.5,101,7.2,27,1,
2026-10-01,11:00,Planetario,0.37,5.5,101,7.2,27,2,
2026-10-01,11:00,Vinaròs,0.38,5.5,101,7.2,27,2,
2026-10-01,11:00,Voramar,0.28,5.5,101,7.2,27,1,
2026-10-01,12:00,Almenara,0.44,5.0,93,12.6,77,2,
2026-10-01,12:00,Burriana,0.44,5.0,93,12.6,77,2,
2026-10-01,12:00,Gurugu,0.44,5.0,93,12.6,77,2,
2026-10-01,12:00,La Renegà,0.47,5.0,93,12.6,77,2,
2026-10-01,12:00,Nules,0.44,5.0,93,12.6,77,2,
2026-10-01,12:00,Peñíscola N,0.48,5.0,93,12.6,77,2,
2026-10-01,12:00,Pirámides,0.39,5.0,93,12.6,77,2,
2026-10-01,12:00,Planetario,0.44,5.0,93,12.6,77,2,
2026-10-01,12:00,Vinaròs,0.48,5.0,93,12.6,77,2,
2026-10-01,12:00,Voramar,0.30,5.0,93,12.6,77,1,
2026-10-01,13:00,Almenara,0.48,4.3,85,12.0,69,2,
2026-10-01,13:00,Burriana,0.48,4.3,85,12.0,69,2,
2026-10-01,13:00,Gurugu,0.48,4.3,85,12.0,69,2,
2026-10-01,13:00,La Renegà,0.56,4.3,85,12.0,69,3,
2026-10-01,13:00,Nules,0.48,4.3,85,12.0,69,2,
2026-10-01,13:00,Peñíscola N,0.54,4.3,85,12.0,69,3,
2026-10-01,13:00,Pirámides,0.41,4.3,85,12.0,69,2,
2026-10-01,13:00,Planetario,0.48,4.3,85,12.0,69,2,
2026-10-01,13:00,Vinaròs,0.54,4.3,85,12.0,69,3,
2026-10-01,13:00,Voramar,0.28,4.3,85,12.0,69,1,
2026-10-01,14:00,Almenara,0.51,3.8,77,16.5,67,3,
2026-10-01,14:00,Burriana,0.51,3.8,77,16.5,67,3,
2026-10-01,14:00,Gurugu,0.51,3.8,77,16.5,67,3,
2026-10-01,14:00,La Renegà,0.66,3.8,77,16.5,67,3,
2026-10-01,14:00,Nules,0.51,3.8,77,16.5,67,3,
2026-10-01,14:00,Peñíscola N,0.61,3.8,77,16.5,67,3,
2026-10-01,14:00,Pirámides,0.41,3.8,77,16.5,67,2,
2026-10-01,14:00,Planetario,0.51,3.8,77,16.5,67,3,
2026-10-01,14:00,Vinaròs,0.61,3.8,77,16.5,67,3,
2026-10-01,14:00,Voramar,0.22,3.8,77,16.5,67,1,
2026-10-01,15:00,Almenara,0.56,3.8,77,14.8,64,3,
2026-10-01,15:00,Burriana,0.56,3.8,77,14.8,64,3,
2026-10-01,15:00,Gurugu,0.56,3.8,77,14.8,64,3,
2026-10-01,15:00,La Renegà,0.72,3.8,77,14.8,64,3,
2026-10-01,15:00,Nules,0.56,3.8,77,14.8,64,3,
2026-10-01,15:00,Peñíscola N,0.66,3.8,77,14.8,64,3,
2026-10-01,15:00,Pirámides,0.45,3.8,77,14.8,64,2,
2026-10-01,15:00,Planetario,0.56,3.8,77,14.8,64,3,
2026-10-01,15:00,Vinaròs,0.66,3.8,77,14.8,64,3,
2026-10-01,15:00,Voramar,0.24,3.8,77,14.8,64,1,
2026-10-01,16:00,Almenara,0.61,4.1,77,15.9,65,3,
2026-10-01,16:00,Burriana,0.60,4.1,77,15.9,65,3,
2026-10-01,16:00,Gurugu,0.60,4.1,77,15.9,65,3,
2026-10-01,16:00,La Renegà,0.78,4.1,77,15.9,65,3,
2026-10-01,16:00,Nules,0.60,4.1,77,15.9,65,3,
2026-10-01,16:00,Peñíscola N,0.72,4.1,77,15.9,65,3,
2026-10-01,16:00,Pirámides,0.48,4.1,77,15.9,65,2,
2026-10-01,16:00,Planetario,0.60,4.1,77,15.9,65,3,
2026-10-01,16:00,Vinaròs,0.72,4.1,77,15.9,65,3,
2026-10-01,16:00,Voramar,0.26,4.1,77,15.9,65,1,
2026-10-01,17:00,Almenara,0.65,4.3,77,11.2,69,3,
2026-10-01,17:00,Burriana,0.65,4.3,77,11.2,69,3,
2026-10-01,17:00,Gurugu,0.65,4.3,77,11.2,69,3,
2026-10-01,17:00,La Renegà,0.84,4.3,77,11.2,69,3,
2026-10-01,17:00,Nules,0.65,4.3,77,11.2,69,3,
2026-10-01,17:00,Peñíscola N,0.77,4.3,77,11.2,69,3,
2026-10-01,17:00,Pirámides,0.52,4.3,77,11.2,69,3,
2026-10-01,17:00,Planetario,0.65,4.3,77,11.2,69,3,
2026-10-01,17:00,Vinaròs,0.77,4.3,77,11.2,69,3,
2026-10-01,17:00,Voramar,0.28,4.3,77,11.2,69,1,
2026-10-01,18:00,Almenara,0.63,4.3,78,12.2,43,3,
2026-10-01,18:00,Burriana,0.63,4.3,78,12.2,43,3,
2026-10-01,18:00,Gurugu,0.63,4.3,78,12.2,43,3,
2026-10-01,18:00,La Renegà,0.80,4.3,78,12.2,43,3,
2026-10-01,18:00,Nules,0.63,4.3,78,12.2,43,3,
2026-10-01,18:00,Peñíscola N,0.74,4.3,78,12.2,43,3,
2026-10-01,18:00,Pirámides,0.51,4.3,78,12.2,43,3,
2026-10-01,18:00,Planetario,0.63,4.3,78,12.2,43,3,
2026-10-01,18:00,Vinaròs,0.74,4.3,78,12.2,43,3,
2026-10-01,18:00,Voramar,0.29,4.3,78,12.2,43,1,
2026-10-01,19:00,Almenara,0.59,4.3,79,10.7,50,3,
2026-10-01,19:00,Burriana,0.59,4.3,79,10.7,50,3,
2026-10-01,19:00,Gurugu,0.59,4.3,79,10.7,50,3,
2026-10-01,19:00,La Renegà,0.74,4.3,79,10.7,50,3,
2026-10-01,19:00,Nules,0.59,4.3,79,10.7,50,3,
2026-10-01,19:00,Peñíscola N,0.69,4.3,79,10.7,50,3,
2026-10-01,19:00,Pirámides,0.48,4.3,79,10.7,50,2,
2026-10-01,19:00,Planetario,0.59,4.3,79,10.7,50,3,
2026-10-01,19:00,Vinaròs,0.69,4.3,79,10.7,50,3,
2026-10-01,19:00,Voramar,0.28,4.3,79,10.7,50,1,
2026-10-01,20:00,Almenara,0.57,4.3,80,10.7,50,3,
2026-10-01,20:00,Burriana,0.56,4.3,80,10.7,50,3,
2026-10-01,20:00,Gurugu,0.56,4.3,80,10.7,50,3,
2026-10-01,20:00,La Renegà,0.70,4.3,80,10.7,50,3,
2026-10-01,20:00,Nules,0.57,4.3,80,10.7,50,3,
2026-10-01,20:00,Peñíscola N,0.66,4.3,80,10.7,50,3,
2026-10-01,20:00,Pirámides,0.46,4.3,80,10.7,50,2,
2026-10-01,20:00,Planetario,0.56,4.3,80,10.7,50,3,
2026-10-01,20:00,Vinaròs,0.66,4.3,80,10.7,50,3,
2026-10-01,20:00,Voramar,0.28,4.3,80,10.7,50,1,
2026-10-01,21:00,Almenara,0.54,4.3,81,9.5,29,3,
2026-10-01,21:00,Burriana,0.54,4.3,81,9.5,29,3,
2026-10-01,21:00,Gurugu,0.54,4.3,81,9.5,29,3,
2026-10-01,21:00,La Renegà,0.66,4.3,81,9.5,29,3,
2026-10-01,21:00,Nules,0.54,4.3,81,9.5,29,3,
2026-10-01,21:00,Peñíscola N,0.62,4.3,81,9.5,29,3,
2026-10-01,21:00,Pirámides,0.45,4.3,81,9.5,29,2,
2026-10-01,21:00,Planetario,0.54,4.3,81,9.5,29,3,
2026-10-01,21:00,Vinaròs,0.62,4.3,81,9.5,29,3,
2026-10-01,21:00,Voramar,0.28,4.3,81,9.5,29,1,
2026-10-01,22:00,Almenara,0.51,4.3,81,10.8,30,3,
2026-10-01,22:00,Burriana,0.51,4.3,81,10.8,30,3,
2026-10-01,22:00,Gurugu,0.51,4.3,81,10.8,30,3,
2026-10-01,22:00,La Renegà,0.62,4.3,81,10.8,30,3,
2026-10-01,22:00,Nules,0.51,4.3,81,10.8,30,3,
2026-10-01,22:00,Peñíscola N,0.59,4.3,81,10.8,30,3,
2026-10-01,22:00,Pirámides,0.42,4.3,81,10.8,30,2,
2026-10-01,22:00,Planetario,0.51,4.3,81,10.8,30,3,
2026-10-01,22:00,Vinaròs,0.59,4.3,81,10.8,30,3,
2026-10-01,22:00,Voramar,0.26,4.3,81,10.8,30,1,
2026-10-01,23:00,Almenara,0.48,4.4,82,11.4,18,2,
2026-10-01,23:00,Burriana,0.48,4.4,82,11.4,18,2,
2026-10-01,23:00,Gurugu,0.48,4.4,82,11.4,18,2,
2026-10-01,23:00,La Renegà,0.58,4.4,82,11.4,18,3,
2026-10-01,23:00,Nules,0.48,4.4,82,11.4,18,2,
2026-10-01,23:00,Peñíscola N,0.55,4.4,82,11.4,18,3,
2026-10-01,23:00,Pirámides,0.40,4.4,82,11.4,18,2,
2026-10-01,23:00,Planetario,0.48,4.4,82,11.4,18,2,
2026-10-01,23:00,Vinaròs,0.55,4.4,82,11.4,18,3,
2026-10-01,23:00,Voramar,0.25,4.4,82,11.4,18,1,
2026-10-02,00:00,Almenara,0.59,4.9,74,11.1,25,3,
2026-10-02,00:00,Burriana,0.59,4.9,74,11.1,25,3,
2026-10-02,00:00,Gurugu,0.59,4.9,74,11.1,25,3,
2026-10-02,00:00,La Renegà,0.79,4.9,74,11.1,25,3,
2026-10-02,00:00,Nules,0.59,4.9,74,11.1,25,3,
2026-10-02,00:00,Peñíscola N,0.72,4.9,74,11.1,25,3,
2026-10-02,00:00,Pirámides,0.46,4.9,74,11.1,25,2,
2026-10-02,00:00,Planetario,0.59,4.9,74,11.1,25,3,
2026-10-02,00:00,Vinaròs,0.72,4.9,74,11.1,25,3,
2026-10-02,00:00,Voramar,0.24,4.9,74,11.1,25,1,
2026-10-02,01:00,Almenara,0.62,5.0,75,11.7,18,3,
2026-10-02,01:00,Burriana,0.61,5.0,75,11.7,18,3,
2026-10-02,01:00,Gurugu,0.61,5.0,75,11.7,18,3,
2026-10-02,01:00,La Renegà,0.81,5.0,75,11.7,18,3,
2026-10-02,01:00,Nules,0.62,5.0,75,11.7,18,3,
2026-10-02,01:00,Peñíscola N,0.74,5.0,75,11.7,18,3,
2026-10-02,01:00,Pirámides,0.48,5.0,75,11.7,18,2,
2026-10-02,01:00,Planetario,0.61,5.0,75,11.7,18,3,
2026-10-02,01:00,Vinaròs,0.74,5.0,75,11.7,18,3,
2026-10-02,01:00,Voramar,0.24,5.0,75,11.7,18,1,
2026-10-02,02:00,Almenara,0.62,5.0,75,13.5,25,3,
2026-10-02,02:00,Burriana,0.61,5.0,75,13.5,25,3,
2026-10-02,02:00,Gurugu,0.61,5.0,75,13.5,25,3,
2026-10-02,02:00,La Renegà,0.81,5.0,75,13.5,25,3,
2026-10-02,02:00,Nules,0.62,5.0,75,13.5,25,3,
2026-10-02,02:00,Peñíscola N,0.74,5.0,75,13.5,25,3,
2026-10-02,02:00,Pirámides,0.48,5.0,75,13.5,25,2,
2026-10-02,02:00,Planetario,0.61,5.0,75,13.5,25,3,
2026-10-02,02:00,Vinaròs,0.74,5.0,75,13.5,25,3,
2026-10-02,02:00,Voramar,0.24,5.0,75,13.5,25,1,
2026-10-02,03:00,Almenara,0.64,5.0,77,13.8,33,3,
2026-10-02,03:00,Burriana,0.63,5.0,77,13.8,33,3,
2026-10-02,03:00,Gurugu,0.63,5.0,77,13.8,33,3,
2026-10-02,03:00,La Renegà,0.82,5.0,77,13.8,33,3,
2026-10-02,03:00,Nules,0.64,5.0,77,13.8,33,3,
2026-10-02,03:00,Peñíscola N,0.75,5.0,77,13.8,33,3,
2026-10-02,03:00,Pirámides,0.51,5.0,77,13.8,33,3,
2026-10-02,03:00,Planetario,0.63,5.0,77,13.8,33,3,
2026-10-02,03:00,Vinaròs,0.75,5.0,77,13.8,33,3,
2026-10-02,03:00,Voramar,0.28,5.0,77,13.8,33,1,
2026-10-02,04:00,Almenara,0.64,5.0,79,13.5,25,3,
2026-10-02,04:00,Burriana,0.64,5.0,79,13.5,25,3,
2026-10-02,04:00,Gurugu,0.64,5.0,79,13.5,25,3,
2026-10-02,04:00,La Renegà,0.80,5.0,79,13.5,25,3,
2026-10-02,04:00,Nules,0.64,5.0,79,13.5,25,3,
2026-10-02,04:00,Peñíscola N,0.75,5.0,79,13.5,25,3,
2026-10-02,04:00,Pirámides,0.52,5.0,79,13.5,25,3,
2026-10-02,04:00,Planetario,0.64,5.0,79,13.5,25,3,
2026-10-02,04:00,Vinaròs,0.75,5.0,79,13.5,25,3,
2026-10-02,04:00,Voramar,0.30,5.0,79,13.5,25,1,
2026-10-02,05:00,Almenara,0.65,5.0,81,12.7,45,3,
2026-10-02,05:00,Burriana,0.65,5.0,81,12.7,45,3,
2026-10-02,05:00,Gurugu,0.65,5.0,81,12.7,45,3,
2026-10-02,05:00,La Renegà,0.80,5.0,81,12.7,45,3,
2026-10-02,05:00,Nules,0.65,5.0,81,12.7,45,3,
2026-10-02,05:00,Peñíscola N,0.76,5.0,81,12.7,45,3,
2026-10-02,05:00,Pirámides,0.54,5.0,81,12.7,45,3,
2026-10-02,05:00,Planetario,0.65,5.0,81,12.7,45,3,
2026-10-02,05:00,Vinaròs,0.76,5.0,81,12.7,45,3,
2026-10-02,05:00,Voramar,0.33,5.0,81,12.7,45,1,
2026-10-02,06:00,Almenara,0.65,5.1,81,13.0,56,3,
2026-10-02,06:00,Burriana,0.65,5.1,81,13.0,56,3,
2026-10-02,06:00,Gurugu,0.65,5.1,81,13.0,56,3,
2026-10-02,06:00,La Renegà,0.80,5.1,81,13.0,56,3,
2026-10-02,06:00,Nules,0.65,5.1,81,13.0,56,3,
2026-10-02,06:00,Peñíscola N,0.76,5.1,81,13.0,56,3,
2026-10-02,06:00,Pirámides,0.54,5.1,81,13.0,56,3,
2026-10-02,06:00,Planetario,0.65,5.1,81,13.0,56,3,
2026-10-02,06:00,Vinaròs,0.76,5.1,81,13.0,56,3,
2026-10-02,06:00,Voramar,0.33,5.1,81,13.0,56,1,
2026-10-02,07:00,Almenara,0.67,5.2,81,12.8,58,3,
2026-10-02,07:00,Burriana,0.67,5.2,81,12.8,58,3,
2026-10-02,07:00,Gurugu,0.67,5.2,81,12.8,58,3,
2026-10-02,07:00,La Renegà,0.82,5.2,81,12.8,58,3,
2026-10-02,07:00,Nules,0.67,5.2,81,12.8,58,3,
2026-10-02,07:00,Peñíscola N,0.78,5.2,81,12.8,58,3,
2026-10-02,07:00,Pirámides,0.55,5.2,81,12.8,58,3,
2026-10-02,07:00,Planetario,0.67,5.2,81,12.8,58,3,
2026-10-02,07:00,Vinaròs,0.78,5.2,81,12.8,58,3,
2026-10-02,07:00,Voramar,0.34,5.2,81,12.8,58,1,
2026-10-02,08:00,Almenara,0.67,5.2,81,14.5,60,3,
2026-10-02,08:00,Burriana,0.67,5.2,81,14.5,60,3,
2026-10-02,08:00,Gurugu,0.67,5.2,81,14.5,60,3,
2026-10-02,08:00,La Renegà,0.82,5.2,81,14.5,60,3,
2026-10-02,08:00,Nules,0.67,5.2,81,14.5,60,3,
2026-10-02,08:00,Peñíscola N,0.78,5.2,81,14.5,60,3,
2026-10-02,08:00,Pirámides,0.55,5.2,81,14.5,60,3,
2026-10-02,08:00,Planetario,0.67,5.2,81,14.5,60,3,
2026-10-02,08:00,Vinaròs,0.78,5.2,81,14.5,60,3,
2026-10-02,08:00,Voramar,0.34,5.2,81,14.5,60,1,
2026-10-02,09:00,Almenara,0.67,5.3,81,13.2,61,3,
2026-10-02,09:00,Burriana,0.67,5.3,81,13.2,61,3,
2026-10-02,09:00,Gurugu,0.67,5.3,81,13.2,61,3,
2026-10-02,09:00,La Renegà,0.82,5.3,81,13.2,61,3,
2026-10-02,09:00,Nules,0.67,5.3,81,13.2,61,3,
2026-10-02,09:00,Peñíscola N,0.78,5.3,81,13.2,61,3,
2026-10-02,09:00,Pirámides,0.55,5.3,81,13.2,61,3,
2026-10-02,09:00,Planetario,0.67,5.3,81,13.2,61,3,
2026-10-02,09:00,Vinaròs,0.78,5.3,81,13.2,61,3,
2026-10-02,09:00,Voramar,0.34,5.3,81,13.2,61,1,
2026-10-02,10:00,Almenara,0.66,5.4,80,13.2,61,3,
2026-10-02,10:00,Burriana,0.66,5.4,80,13.2,61,3,
2026-10-02,10:00,Gurugu,0.66,5.4,80,13.2,61,3,
2026-10-02,10:00,La Renegà,0.82,5.4,80,13.2,61,3,
2026-10-02,10:00,Nules,0.66,5.4,80,13.2,61,3,
2026-10-02,10:00,Peñíscola N,0.77,5.4,80,13.2,61,3,
2026-10-02,10:00,Pirámides,0.54,5.4,80,13.2,61,3,
2026-10-02,10:00,Planetario,0.66,5.4,80,13.2,61,3,
2026-10-02,10:00,Vinaròs,0.77,5.4,80,13.2,61,3,
2026-10-02,10:00,Voramar,0.33,5.4,80,13.2,61,1,
2026-10-02,11:00,Almenara,0.66,5.5,80,11.5,51,3,
2026-10-02,11:00,Burriana,0.66,5.5,80,11.5,51,3,
2026-10-02,11:00,Gurugu,0.66,5.5,80,11.5,51,3,
2026-10-02,11:00,La Renegà,0.82,5.5,80,11.5,51,3,
2026-10-02,11:00,Nules,0.66,5.5,80,11.5,51,3,
2026-10-02,11:00,Peñíscola N,0.77,5.5,80,11.5,51,3,
2026-10-02,11:00,Pirámides,0.54,5.5,80,11.5,51,3,
2026-10-02,11:00,Planetario,0.66,5.5,80,11.5,51,3,
2026-10-02,11:00,Vinaròs,0.77,5.5,80,11.5,51,3,
2026-10-02,11:00,Voramar,0.33,5.5,80,11.5,51,1,
2026-10-02,12:00,Almenara,0.68,5.4,80,10.5,52,3,
2026-10-02,12:00,Burriana,0.68,5.4,80,10.5,52,3,
2026-10-02,12:00,Gurugu,0.68,5.4,80,10.5,52,3,
2026-10-02,12:00,La Renegà,0.84,5.4,80,10.5,52,3,
2026-10-02,12:00,Nules,0.68,5.4,80,10.5,52,3,
2026-10-02,12:00,Peñíscola N,0.79,5.4,80,10.5,52,3,
2026-10-02,12:00,Pirámides,0.56,5.4,80,10.5,52,3,
2026-10-02,12:00,Planetario,0.68,5.4,80,10.5,52,3,
2026-10-02,12:00,Vinaròs,0.79,5.4,80,10.5,52,3,
2026-10-02,12:00,Voramar,0.33,5.4,80,10.5,52,1,
2026-10-02,13:00,Almenara,0.69,5.3,81,10.0,60,3,
2026-10-02,13:00,Burriana,0.69,5.3,81,10.0,60,3,
2026-10-02,13:00,Gurugu,0.69,5.3,81,10.0,60,3,
2026-10-02,13:00,La Renegà,0.84,5.3,81,10.0,60,3,
2026-10-02,13:00,Nules,0.69,5.3,81,10.0,60,3,
2026-10-02,13:00,Peñíscola N,0.79,5.3,81,10.0,60,3,
2026-10-02,13:00,Pirámides,0.57,5.3,81,10.0,60,3,
2026-10-02,13:00,Planetario,0.69,5.3,81,10.0,60,3,
2026-10-02,13:00,Vinaròs,0.79,5.3,81,10.0,60,3,
2026-10-02,13:00,Voramar,0.35,5.3,81,10.0,60,2,
2026-10-02,14:00,Almenara,0.70,5.2,81,8.2,52,3,
2026-10-02,14:00,Burriana,0.70,5.2,81,8.2,52,3,
2026-10-02,14:00,Gurugu,0.70,5.2,81,8.2,52,3,
2026-10-02,14:00,La Renegà,0.86,5.2,81,8.2,52,3,
2026-10-02,14:00,Nules,0.70,5.2,81,8.2,52,3,
2026-10-02,14:00,Peñíscola N,0.81,5.2,81,8.2,52,3,
2026-10-02,14:00,Pirámides,0.58,5.2,81,8.2,52,3,
2026-10-02,14:00,Planetario,0.70,5.2,81,8.2,52,3,
2026-10-02,14:00,Vinaròs,0.81,5.2,81,8.2,52,3,
2026-10-02,14:00,Voramar,0.36,5.2,81,8.2,52,2,
2026-10-02,15:00,Almenara,0.71,5.2,82,7.4,51,3,
2026-10-02,15:00,Burriana,0.71,5.2,82,7.4,51,3,
2026-10-02,15:00,Gurugu,0.71,5.2,82,7.4,51,3,
2026-10-02,15:00,La Renegà,0.86,5.2,82,7.4,51,3,
2026-10-02,15:00,Nules,0.71,5.2,82,7.4,51,3,
2026-10-02,15:00,Peñíscola N,0.82,5.2,82,7.4,51,3,
2026-10-02,15:00,Pirámides,0.59,5.2,82,7.4,51,3,
2026-10-02,15:00,Planetario,0.71,5.2,82,7.4,51,3,
2026-10-02,15:00,Vinaròs,0.82,5.2,82,7.4,51,3,
2026-10-02,15:00,Voramar,0.38,5.2,82,7.4,51,2,
2026-10-02,16:00,Almenara,0.74,5.1,83,8.4,47,3,
2026-10-02,16:00,Burriana,0.74,5.1,83,8.4,47,3,
2026-10-02,16:00,Gurugu,0.74,5.1,83,8.4,47,3,
2026-10-02,16:00,La Renegà,0.88,5.1,83,8.4,47,3,
2026-10-02,16:00,Nules,0.74,5.1,83,8.4,47,3,
2026-10-02,16:00,Peñíscola N,0.84,5.1,83,8.4,47,3,
2026-10-02,16:00,Pirámides,0.62,5.1,83,8.4,47,3,
2026-10-02,16:00,Planetario,0.74,5.1,83,8.4,47,3,
2026-10-02,16:00,Vinaròs,0.84,5.1,83,8.4,47,3,
2026-10-02,16:00,Voramar,0.40,5.1,83,8.4,47,2,
2026-10-02,17:00,Almenara,0.75,5.0,84,9.5,53,3,
2026-10-02,17:00,Burriana,0.74,5.0,84,9.5,53,3,
2026-10-02,17:00,Gurugu,0.74,5.0,84,9.5,53,3,
2026-10-02,17:00,La Renegà,0.88,5.0,84,9.5,53,3,
2026-10-02,17:00,Nules,0.75,5.0,84,9.5,53,3,
2026-10-02,17:00,Peñíscola N,0.85,5.0,84,9.5,53,3,
2026-10-02,17:00,Pirámides,0.63,5.0,84,9.5,53,3,
2026-10-02,17:00,Planetario,0.74,5.0,84,9.5,53,3,
2026-10-02,17:00,Vinaròs,0.85,5.0,84,9.5,53,3,
2026-10-02,17:00,Voramar,0.42,5.0,84,9.5,53,2,
2026-10-02,18:00,Almenara,0.74,5.0,86,10.6,55,3,
2026-10-02,18:00,Burriana,0.74,5.0,86,10.6,55,3,
2026-10-02,18:00,Gurugu,0.74,5.0,86,10.6,55,3,
2026-10-02,18:00,La Renegà,0.86,5.0,86,10.6,55,3,
2026-10-02,18:00,Nules,0.74,5.0,86,10.6,55,3,
2026-10-02,18:00,Peñíscola N,0.83,5.0,86,10.6,55,3,
2026-10-02,18:00,Pirámides,0.64,5.0,86,10.6,55,3,
2026-10-02,18:00,Planetario,0.74,5.0,86,10.6,55,3,
2026-10-02,18:00,Vinaròs,0.83,5.0,86,10.6,55,3,
2026-10-02,18:00,Voramar,0.44,5.0,86,10.6,55,2,
2026-10-02,19:00,Almenara,0.76,5.1,88,11.5,51,3,
2026-10-02,19:00,Burriana,0.76,5.1,88,11.5,51,3,
2026-10-02,19:00,Gurugu,0.76,5.1,88,11.5,51,3,
2026-10-02,19:00,La Renegà,0.86,5.1,88,11.5,51,3,
2026-10-02,19:00,Nules,0.76,5.1,88,11.5,51,3,
2026-10-02,19:00,Peñíscola N,0.84,5.1,88,11.5,51,3,
2026-10-02,19:00,Pirámides,0.66,5.1,88,11.5,51,3,
2026-10-02,19:00,Planetario,0.76,5.1,88,11.5,51,3,
2026-10-02,19:00,Vinaròs,0.84,5.1,88,11.5,51,3,
2026-10-02,19:00,Voramar,0.47,5.1,88,11.5,51,2,
2026-10-02,20:00,Almenara,0.75,5.2,90,11.0,41,3,
2026-10-02,20:00,Burriana,0.75,5.2,90,11.0,41,3,
2026-10-02,20:00,Gurugu,0.75,5.2,90,11.0,41,3,
2026-10-02,20:00,La Renegà,0.83,5.2,90,11.0,41,3,
2026-10-02,20:00,Nules,0.75,5.2,90,11.0,41,3,
2026-10-02,20:00,Peñíscola N,0.83,5.2,90,11.0,41,3,
2026-10-02,20:00,Pirámides,0.66,5.2,90,11.0,41,3,
2026-10-02,20:00,Planetario,0.75,5.2,90,11.0,41,3,
2026-10-02,20:00,Vinaròs,0.83,5.2,90,11.0,41,3,
2026-10-02,20:00,Voramar,0.48,5.2,90,11.0,41,2,
2026-10-02,21:00,Almenara,0.77,5.2,92,10.6,35,3,
2026-10-02,21:00,Burriana,0.77,5.2,92,10.6,35,3,
2026-10-02,21:00,Gurugu,0.77,5.2,92,10.6,35,3,
2026-10-02,21:00,La Renegà,0.83,5.2,92,10.6,35,3,
2026-10-02,21:00,Nules,0.77,5.2,92,10.6,35,3,
2026-10-02,21:00,Peñíscola N,0.83,5.2,92,10.6,35,3,
2026-10-02,21:00,Pirámides,0.68,5.2,92,10.6,35,3,
2026-10-02,21:00,Planetario,0.77,5.2,92,10.6,35,3,
2026-10-02,21:00,Vinaròs,0.83,5.2,92,10.6,35,3,
2026-10-02,21:00,Voramar,0.51,5.2,92,10.6,35,3,
2026-10-02,22:00,Almenara,0.78,5.2,95,10.1,35,3,
2026-10-02,22:00,Burriana,0.78,5.2,95,10.1,35,3,
2026-10-02,22:00,Gurugu,0.78,5.2,95,10.1,35,3,
2026-10-02,22:00,La Renegà,0.82,5.2,95,10.1,35,3,
2026-10-02,22:00,Nules,0.78,5.2,95,10.1,35,3,
2026-10-02,22:00,Peñíscola N,0.84,5.2,95,10.1,35,3,
2026-10-02,22:00,Pirámides,0.70,5.2,95,10.1,35,3,
2026-10-02,22:00,Planetario,0.78,5.2,95,10.1,35,3,
2026-10-02,22:00,Vinaròs,0.84,5.2,95,10.1,35,3,
2026-10-02,22:00,Voramar,0.55,5.2,95,10.1,35,3,
2026-10-02,23:00,Almenara,0.79,5.2,97,9.4,32,3,
2026-10-02,23:00,Burriana,0.79,5.2,97,9.4,32,3,
2026-10-02,23:00,Gurugu,0.79,5.2,97,9.4,32,3,
2026-10-02,23:00,La Renegà,0.81,5.2,97,9.4,32,3,
2026-10-02,23:00,Nules,0.79,5.2,97,9.4,32,3,
2026-10-02,23:00,Peñíscola N,0.84,5.2,97,9.4,32,3,
2026-10-02,23:00,Pirámides,0.72,5.2,97,9.4,32,3,
2026-10-02,23:00,Planetario,0.79,5.2,97,9.4,32,3,
2026-10-02,23:00,Vinaròs,0.84,5.2,97,9.4,32,3,
2026-10-02,23:00,Voramar,0.57,5.2,97,9.4,32,3,
2026-10-03,00:00,Almenara,0.77,5.4,95,10.1,27,3,
2026-10-03,00:00,Burriana,0.77,5.4,95,10.1,27,3,
2026-10-03,00:00,Gurugu,0.77,5.4,95,10.1,27,3,
2026-10-03,00:00,La Renegà,0.80,5.4,95,10.1,27,3,
2026-10-03,00:00,Nules,0.77,5.4,95,10.1,27,3,
2026-10-03,00:00,Peñíscola N,0.82,5.4,95,10.1,27,3,
2026-10-03,00:00,Pirámides,0.69,5.4,95,10.1,27,3,
2026-10-03,00:00,Planetario,0.77,5.4,95,10.1,27,3,
2026-10-03,00:00,Vinaròs,0.82,5.4,95,10.1,27,3,
2026-10-03,00:00,Voramar,0.53,5.4,95,10.1,27,3,
2026-10-03,01:00,Almenara,0.75,5.4,96,9.5,25,3,
2026-10-03,01:00,Burriana,0.75,5.4,96,9.5,25,3,
2026-10-03,01:00,Gurugu,0.75,5.4,96,9.5,25,3,
2026-10-03,01:00,La Renegà,0.78,5.4,96,9.5,25,3,
2026-10-03,01:00,Nules,0.75,5.4,96,9.5,25,3,
2026-10-03,01:00,Peñíscola N,0.80,5.4,96,9.5,25,3,
2026-10-03,01:00,Pirámides,0.68,5.4,96,9.5,25,3,
2026-10-03,01:00,Planetario,0.75,5.4,96,9.5,25,3,
2026-10-03,01:00,Vinaròs,0.80,5.4,96,9.5,25,3,
2026-10-03,01:00,Voramar,0.53,5.4,96,9.5,25,3,
2026-10-03,02:00,Almenara,0.76,5.4,98,8.2,15,3,
2026-10-03,02:00,Burriana,0.76,5.4,98,8.2,15,3,
2026-10-03,02:00,Gurugu,0.76,5.4,98,8.2,15,3,
2026-10-03,02:00,La Renegà,0.77,5.4,98,8.2,15,3,
2026-10-03,02:00,Nules,0.76,5.4,98,8.2,15,3,
2026-10-03,02:00,Peñíscola N,0.80,5.4,98,8.2,15,3,
2026-10-03,02:00,Pirámides,0.69,5.4,98,8.2,15,3,
2026-10-03,02:00,Planetario,0.76,5.4,98,8.2,15,3,
2026-10-03,02:00,Vinaròs,0.80,5.4,98,8.2,15,3,
2026-10-03,02:00,Voramar,0.55,5.4,98,8.2,15,3,
2026-10-03,03:00,Almenara,0.75,5.4,99,8.0,10,3,
2026-10-03,03:00,Burriana,0.75,5.4,99,8.0,10,3,
2026-10-03,03:00,Gurugu,0.75,5.4,99,8.0,10,3,
2026-10-03,03:00,La Renegà,0.75,5.4,99,8.0,10,3,
2026-10-03,03:00,Nules,0.75,5.4,99,8.0,10,3,
2026-10-03,03:00,Peñíscola N,0.78,5.4,99,8.0,10,3,
2026-10-03,03:00,Pirámides,0.68,5.4,99,8.0,10,3,
2026-10-03,03:00,Planetario,0.75,5.4,99,8.0,10,3,
2026-10-03,03:00,Vinaròs,0.78,5.4,99,8.0,10,3,
2026-10-03,03:00,Voramar,0.55,5.4,99,8.0,10,3,
2026-10-03,04:00,Almenara,0.75,5.4,101,8.1,13,3,
2026-10-03,04:00,Burriana,0.75,5.4,101,8.1,13,3,
2026-10-03,04:00,Gurugu,0.75,5.4,101,8.1,13,3,
2026-10-03,04:00,La Renegà,0.74,5.4,101,8.1,13,3,
2026-10-03,04:00,Nules,0.75,5.4,101,8.1,13,3,
2026-10-03,04:00,Peñíscola N,0.78,5.4,101,8.1,13,3,
2026-10-03,04:00,Pirámides,0.69,5.4,101,8.1,13,3,
2026-10-03,04:00,Planetario,0.75,5.4,101,8.1,13,3,
2026-10-03,04:00,Vinaròs,0.78,5.4,101,8.1,13,3,
2026-10-03,04:00,Voramar,0.57,5.4,101,8.1,13,3,
2026-10-03,05:00,Almenara,0.74,5.4,102,7.5,17,3,
2026-10-03,05:00,Burriana,0.74,5.4,102,7.5,17,3,
2026-10-03,05:00,Gurugu,0.74,5.4,102,7.5,17,3,
2026-10-03,05:00,La Renegà,0.71,5.4,102,7.5,17,3,
2026-10-03,05:00,Nules,0.74,5.4,102,7.5,17,3,
2026-10-03,05:00,Peñíscola N,0.76,5.4,102,7.5,17,3,
2026-10-03,05:00,Pirámides,0.68,5.4,102,7.5,17,3,
2026-10-03,05:00,Planetario,0.74,5.4,102,7.5,17,3,
2026-10-03,05:00,Vinaròs,0.76,5.4,102,7.5,17,3,
2026-10-03,05:00,Voramar,0.56,5.4,102,7.5,17,3,
2026-10-03,06:00,Almenara,0.72,5.4,102,7.6,19,3,
2026-10-03,06:00,Burriana,0.72,5.4,102,7.6,19,3,
2026-10-03,06:00,Gurugu,0.72,5.4,102,7.6,19,3,
2026-10-03,06:00,La Renegà,0.70,5.4,102,7.6,19,3,
2026-10-03,06:00,Nules,0.72,5.4,102,7.6,19,3,
2026-10-03,06:00,Peñíscola N,0.74,5.4,102,7.6,19,3,
2026-10-03,06:00,Pirámides,0.66,5.4,102,7.6,19,3,
2026-10-03,06:00,Planetario,0.72,5.4,102,7.6,19,3,
2026-10-03,06:00,Vinaròs,0.74,5.4,102,7.6,19,3,
2026-10-03,06:00,Voramar,0.55,5.4,102,7.6,19,3,
2026-10-03,07:00,Almenara,0.68,5.4,102,8.8,12,3,
2026-10-03,07:00,Burriana,0.68,5.4,102,8.8,12,3,
2026-10-03,07:00,Gurugu,0.68,5.4,102,8.8,12,3,
2026-10-03,07:00,La Renegà,0.66,5.4,102,8.8,12,3,
2026-10-03,07:00,Nules,0.68,5.4,102,8.8,12,3,
2026-10-03,07:00,Peñíscola N,0.70,5.4,102,8.8,12,3,
2026-10-03,07:00,Pirámides,0.63,5.4,102,8.8,12,3,
2026-10-03,07:00,Planetario,0.68,5.4,102,8.8,12,3,
2026-10-03,07:00,Vinaròs,0.70,5.4,102,8.8,12,3,
2026-10-03,07:00,Voramar,0.52,5.4,102,8.8,12,3,
2026-10-03,08:00,Almenara,0.66,5.3,102,8.1,13,3,
2026-10-03,08:00,Burriana,0.66,5.3,102,8.1,13,3,
2026-10-03,08:00,Gurugu,0.66,5.3,102,8.1,13,3,
2026-10-03,08:00,La Renegà,0.64,5.3,102,8.1,13,3,
2026-10-03,08:00,Nules,0.66,5.3,102,8.1,13,3,
2026-10-03,08:00,Peñíscola N,0.68,5.3,102,8.1,13,3,
2026-10-03,08:00,Pirámides,0.61,5.3,102,8.1,13,3,
2026-10-03,08:00,Planetario,0.66,5.3,102,8.1,13,3,
2026-10-03,08:00,Vinaròs,0.68,5.3,102,8.1,13,3,
2026-10-03,08:00,Voramar,0.50,5.3,102,8.1,13,3,
2026-10-03,09:00,Almenara,0.64,5.3,101,7.8,13,3,
2026-10-03,09:00,Burriana,0.64,5.3,101,7.8,13,3,
2026-10-03,09:00,Gurugu,0.64,5.3,101,7.8,13,3,
2026-10-03,09:00,La Renegà,0.62,5.3,101,7.8,13,3,
2026-10-03,09:00,Nules,0.64,5.3,101,7.8,13,3,
2026-10-03,09:00,Peñíscola N,0.66,5.3,101,7.8,13,3,
2026-10-03,09:00,Pirámides,0.59,5.3,101,7.8,13,3,
2026-10-03,09:00,Planetario,0.64,5.3,101,7.8,13,3,
2026-10-03,09:00,Vinaròs,0.66,5.3,101,7.8,13,3,
2026-10-03,09:00,Voramar,0.48,5.3,101,7.8,13,2,
2026-10-03,10:00,Almenara,0.62,5.2,101,11.4,28,3,
2026-10-03,10:00,Burriana,0.62,5.2,101,11.4,28,3,
2026-10-03,10:00,Gurugu,0.62,5.2,101,11.4,28,3,
2026-10-03,10:00,La Renegà,0.61,5.2,101,11.4,28,3,
2026-10-03,10:00,Nules,0.62,5.2,101,11.4,28,3,
2026-10-03,10:00,Peñíscola N,0.64,5.2,101,11.4,28,3,
2026-10-03,10:00,Pirámides,0.57,5.2,101,11.4,28,3,
2026-10-03,10:00,Planetario,0.62,5.2,101,11.4,28,3,
2026-10-03,10:00,Vinaròs,0.64,5.2,101,11.4,28,3,
2026-10-03,10:00,Voramar,0.47,5.2,101,11.4,28,2,
2026-10-03,11:00,Almenara,0.60,5.1,100,16.8,42,3,
2026-10-03,11:00,Burriana,0.60,5.1,100,16.8,42,3,
2026-10-03,11:00,Gurugu,0.60,5.1,100,16.8,42,3,
2026-10-03,11:00,La Renegà,0.59,5.1,100,16.8,42,3,
2026-10-03,11:00,Nules,0.60,5.1,100,16.8,42,3,
2026-10-03,11:00,Peñíscola N,0.62,5.1,100,16.8,42,3,
2026-10-03,11:00,Pirámides,0.55,5.1,100,16.8,42,3,
2026-10-03,11:00,Planetario,0.60,5.1,100,16.8,42,3,
2026-10-03,11:00,Vinaròs,0.62,5.1,100,16.8,42,3,
2026-10-03,11:00,Voramar,0.44,5.1,100,16.8,42,2,
2026-10-03,12:00,Almenara,0.58,5.0,100,15.9,38,3,
2026-10-03,12:00,Burriana,0.58,5.0,100,15.9,38,3,
2026-10-03,12:00,Gurugu,0.58,5.0,100,15.9,38,3,
2026-10-03,12:00,La Renegà,0.57,5.0,100,15.9,38,3,
2026-10-03,12:00,Nules,0.58,5.0,100,15.9,38,3,
2026-10-03,12:00,Peñíscola N,0.60,5.0,100,15.9,38,3,
2026-10-03,12:00,Pirámides,0.53,5.0,100,15.9,38,3,
2026-10-03,12:00,Planetario,0.58,5.0,100,15.9,38,3,
2026-10-03,12:00,Vinaròs,0.60,5.0,100,15.9,38,3,
2026-10-03,12:00,Voramar,0.43,5.0,100,15.9,38,2,
2026-10-03,13:00,Almenara,0.58,5.0,100,17.4,38,3,
2026-10-03,13:00,Burriana,0.58,5.0,100,17.4,38,3,
2026-10-03,13:00,Gurugu,0.58,5.0,100,17.4,38,3,
2026-10-03,13:00,La Renegà,0.57,5.0,100,17.4,38,3,
2026-10-03,13:00,Nules,0.58,5.0,100,17.4,38,3,
2026-10-03,13:00,Peñíscola N,0.60,5.0,100,17.4,38,3,
2026-10-03,13:00,Pirámides,0.53,5.0,100,17.4,38,3,
2026-10-03,13:00,Planetario,0.58,5.0,100,17.4,38,3,
2026-10-03,13:00,Vinaròs,0.60,5.0,100,17.4,38,3,
2026-10-03,13:00,Voramar,0.43,5.0,100,17.4,38,2,
2026-10-03,14:00,Almenara,0.56,4.9,100,17.1,41,3,
2026-10-03,14:00,Burriana,0.56,4.9,100,17.1,41,3,
2026-10-03,14:00,Gurugu,0.56,4.9,100,17.1,41,3,
2026-10-03,14:00,La Renegà,0.55,4.9,100,17.1,41,3,
2026-10-03,14:00,Nules,0.56,4.9,100,17.1,41,3,
2026-10-03,14:00,Peñíscola N,0.58,4.9,100,17.1,41,3,
2026-10-03,14:00,Pirámides,0.51,4.9,100,17.1,41,3,
2026-10-03,14:00,Planetario,0.56,4.9,100,17.1,41,3,
2026-10-03,14:00,Vinaròs,0.58,4.9,100,17.1,41,3,
2026-10-03,14:00,Voramar,0.42,4.9,100,17.1,41,2,
2026-10-03,15:00,Almenara,0.56,4.8,100,16.9,40,3,
2026-10-03,15:00,Burriana,0.56,4.8,100,16.9,40,3,
2026-10-03,15:00,Gurugu,0.56,4.8,100,16.9,40,3,
2026-10-03,15:00,La Renegà,0.55,4.8,100,16.9,40,3,
2026-10-03,15:00,Nules,0.56,4.8,100,16.9,40,3,
2026-10-03,15:00,Peñíscola N,0.58,4.8,100,16.9,40,3,
2026-10-03,15:00,Pirámides,0.51,4.8,100,16.9,40,3,
2026-10-03,15:00,Planetario,0.56,4.8,100,16.9,40,3,
2026-10-03,15:00,Vinaròs,0.58,4.8,100,16.9,40,3,
2026-10-03,15:00,Voramar,0.42,4.8,100,16.9,40,2,
2026-10-03,16:00,Almenara,0.54,4.8,101,15.8,41,3,
2026-10-03,16:00,Burriana,0.54,4.8,101,15.8,41,3,
2026-10-03,16:00,Gurugu,0.54,4.8,101,15.8,41,3,
2026-10-03,16:00,La Renegà,0.53,4.8,101,15.8,41,3,
2026-10-03,16:00,Nules,0.54,4.8,101,15.8,41,3,
2026-10-03,16:00,Peñíscola N,0.56,4.8,101,15.8,41,3,
2026-10-03,16:00,Pirámides,0.50,4.8,101,15.8,41,3,
2026-10-03,16:00,Planetario,0.54,4.8,101,15.8,41,3,
2026-10-03,16:00,Vinaròs,0.56,4.8,101,15.8,41,3,
2026-10-03,16:00,Voramar,0.41,4.8,101,15.8,41,2,
2026-10-03,17:00,Almenara,0.54,4.8,101,16.8,45,3,
2026-10-03,17:00,Burriana,0.54,4.8,101,16.8,45,3,
2026-10-03,17:00,Gurugu,0.54,4.8,101,16.8,45,3,
2026-10-03,17:00,La Renegà,0.53,4.8,101,16.8,45,3,
2026-10-03,17:00,Nules,0.54,4.8,101,16.8,45,3,
2026-10-03,17:00,Peñíscola N,0.56,4.8,101,16.8,45,3,
2026-10-03,17:00,Pirámides,0.50,4.8,101,16.8,45,3,
2026-10-03,17:00,Planetario,0.54,4.8,101,16.8,45,3,
2026-10-03,17:00,Vinaròs,0.56,4.8,101,16.8,45,3,
2026-10-03,17:00,Voramar,0.41,4.8,101,16.8,45,2,
2026-10-03,18:00,Almenara,0.54,4.8,102,16.3,47,3,
2026-10-03,18:00,Burriana,0.54,4.8,102,16.3,47,3,
2026-10-03,18:00,Gurugu,0.54,4.8,102,16.3,47,3,
2026-10-03,18:00,La Renegà,0.53,4.8,102,16.3,47,3,
2026-10-03,18:00,Nules,0.54,4.8,102,16.3,47,3,
2026-10-03,18:00,Peñíscola N,0.56,4.8,102,16.3,47,3,
2026-10-03,18:00,Pirámides,0.50,4.8,102,16.3,47,3,
2026-10-03,18:00,Planetario,0.54,4.8,102,16.3,47,3,
2026-10-03,18:00,Vinaròs,0.56,4.8,102,16.3,47,3,
2026-10-03,18:00,Voramar,0.41,4.8,102,16.3,47,2,
2026-10-03,19:00,Almenara,0.54,4.8,102,14.5,48,3,
2026-10-03,19:00,Burriana,0.54,4.8,102,14.5,48,3,
2026-10-03,19:00,Gurugu,0.54,4.8,102,14.5,48,3,
2026-10-03,19:00,La Renegà,0.53,4.8,102,14.5,48,3,
2026-10-03,19:00,Nules,0.54,4.8,102,14.5,48,3,
2026-10-03,19:00,Peñíscola N,0.56,4.8,102,14.5,48,3,
2026-10-03,19:00,Pirámides,0.50,4.8,102,14.5,48,3,
2026-10-03,19:00,Planetario,0.54,4.8,102,14.5,48,3,
2026-10-03,19:00,Vinaròs,0.56,4.8,102,14.5,48,3,
2026-10-03,19:00,Voramar,0.41,4.8,102,14.5,48,2,
2026-10-03,20:00,Almenara,0.55,4.8,103,13.8,41,3,
2026-10-03,20:00,Burriana,0.55,4.8,103,13.8,41,3,
2026-10-03,20:00,Gurugu,0.55,4.8,103,13.8,41,3,
2026-10-03,20:00,La Renegà,0.52,4.8,103,13.8,41,3,
2026-10-03,20:00,Nules,0.55,4.8,103,13.8,41,3,
2026-10-03,20:00,Peñíscola N,0.56,4.8,103,13.8,41,3,
2026-10-03,20:00,Pirámides,0.51,4.8,103,13.8,41,3,
2026-10-03,20:00,Planetario,0.55,4.8,103,13.8,41,3,
2026-10-03,20:00,Vinaròs,0.56,4.8,103,13.8,41,3,
2026-10-03,20:00,Voramar,0.42,4.8,103,13.8,41,2,
2026-10-03,21:00,Almenara,0.55,4.8,104,12.3,32,3,
2026-10-03,21:00,Burriana,0.55,4.8,104,12.3,32,3,
2026-10-03,21:00,Gurugu,0.55,4.8,104,12.3,32,3,
2026-10-03,21:00,La Renegà,0.52,4.8,104,12.3,32,3,
2026-10-03,21:00,Nules,0.55,4.8,104,12.3,32,3,
2026-10-03,21:00,Peñíscola N,0.56,4.8,104,12.3,32,3,
2026-10-03,21:00,Pirámides,0.51,4.8,104,12.3,32,3,
2026-10-03,21:00,Planetario,0.55,4.8,104,12.3,32,3,
2026-10-03,21:00,Vinaròs,0.56,4.8,104,12.3,32,3,
2026-10-03,21:00,Voramar,0.43,4.8,104,12.3,32,2,
2026-10-03,22:00,Almenara,0.57,4.9,105,10.6,24,3,
2026-10-03,22:00,Burriana,0.57,4.9,105,10.6,24,3,
2026-10-03,22:00,Gurugu,0.57,4.9,105,10.6,24,3,
2026-10-03,22:00,La Renegà,0.53,4.9,105,10.6,24,3,
2026-10-03,22:00,Nules,0.57,4.9,105,10.6,24,3,
2026-10-03,22:00,Peñíscola N,0.58,4.9,105,10.6,24,3,
2026-10-03,22:00,Pirámides,0.53,4.9,105,10.6,24,3,
2026-10-03,22:00,Planetario,0.57,4.9,105,10.6,24,3,
2026-10-03,22:00,Vinaròs,0.58,4.9,105,10.6,24,3,
2026-10-03,22:00,Voramar,0.45,4.9,105,10.6,24,2,
2026-10-03,23:00,Almenara,0.57,5.0,106,6.5,3,3,
2026-10-03,23:00,Burriana,0.57,5.0,106,6.5,3,3,
2026-10-03,23:00,Gurugu,0.57,5.0,106,6.5,3,3,
2026-10-03,23:00,La Renegà,0.53,5.0,106,6.5,3,3,
2026-10-03,23:00,Nules,0.57,5.0,106,6.5,3,3,
2026-10-03,23:00,Peñíscola N,0.58,5.0,106,6.5,3,3,
2026-10-03,23:00,Pirámides,0.54,5.0,106,6.5,3,3,
2026-10-03,23:00,Planetario,0.57,5.0,106,6.5,3,3,
2026-10-03,23:00,Vinaròs,0.58,5.0,106,6.5,3,3,
2026-10-03,23:00,Voramar,0.46,5.0,106,6.5,3,2,
2026-10-04,00:00,Almenara,0.68,5.8,103,4.8,13,3,
2026-10-04,00:00,Burriana,0.68,5.8,103,4.8,13,3,
2026-10-04,00:00,Gurugu,0.68,5.8,103,4.8,13,3,
2026-10-04,00:00,La Renegà,0.65,5.8,103,4.8,13,3,
2026-10-04,00:00,Nules,0.68,5.8,103,4.8,13,3,
2026-10-04,00:00,Peñíscola N,0.70,5.8,103,4.8,13,3,
2026-10-04,00:00,Pirámides,0.63,5.8,103,4.8,13,3,
2026-10-04,00:00,Planetario,0.68,5.8,103,4.8,13,3,
2026-10-04,00:00,Vinaròs,0.70,5.8,103,4.8,13,3,
2026-10-04,00:00,Voramar,0.53,5.8,103,4.8,13,3,
2026-10-04,01:00,Almenara,0.68,5.8,104,5.0,339,3,
2026-10-04,01:00,Burriana,0.68,5.8,104,5.0,339,3,
2026-10-04,01:00,Gurugu,0.68,5.8,104,5.0,339,3,
2026-10-04,01:00,La Renegà,0.65,5.8,104,5.0,339,3,
2026-10-04,01:00,Nules,0.68,5.8,104,5.0,339,3,
2026-10-04,01:00,Peñíscola N,0.70,5.8,104,5.0,339,3,
2026-10-04,01:00,Pirámides,0.64,5.8,104,5.0,339,3,
2026-10-04,01:00,Planetario,0.68,5.8,104,5.0,339,3,
2026-10-04,01:00,Vinaròs,0.70,5.8,104,5.0,339,3,
2026-10-04,01:00,Voramar,0.53,5.8,104,5.0,339,5,
2026-10-04,02:00,Almenara,0.67,5.8,104,4.8,333,3,
2026-10-04,02:00,Burriana,0.67,5.8,104,4.8,333,3,
2026-10-04,02:00,Gurugu,0.67,5.8,104,4.8,333,3,
2026-10-04,02:00,La Renegà,0.63,5.8,104,4.8,333,3,
2026-10-04,02:00,Nules,0.67,5.8,104,4.8,333,3,
2026-10-04,02:00,Peñíscola N,0.68,5.8,104,4.8,333,3,
2026-10-04,02:00,Pirámides,0.62,5.8,104,4.8,333,3,
2026-10-04,02:00,Planetario,0.67,5.8,104,4.8,333,3,
2026-10-04,02:00,Vinaròs,0.68,5.8,104,4.8,333,3,
2026-10-04,02:00,Voramar,0.52,5.8,104,4.8,333,5,
2026-10-04,03:00,Almenara,0.64,5.8,103,5.2,335,3,
2026-10-04,03:00,Burriana,0.64,5.8,103,5.2,335,3,
2026-10-04,03:00,Gurugu,0.64,5.8,103,5.2,335,3,
2026-10-04,03:00,La Renegà,0.62,5.8,103,5.2,335,3,
2026-10-04,03:00,Nules,0.64,5.8,103,5.2,335,3,
2026-10-04,03:00,Peñíscola N,0.66,5.8,103,5.2,335,3,
2026-10-04,03:00,Pirámides,0.60,5.8,103,5.2,335,3,
2026-10-04,03:00,Planetario,0.64,5.8,103,5.2,335,3,
2026-10-04,03:00,Vinaròs,0.66,5.8,103,5.2,335,3,
2026-10-04,03:00,Voramar,0.50,5.8,103,5.2,335,5,
2026-10-04,04:00,Almenara,0.62,5.8,103,5.2,326,3,
2026-10-04,04:00,Burriana,0.62,5.8,103,5.2,326,3,
2026-10-04,04:00,Gurugu,0.62,5.8,103,5.2,326,3,
2026-10-04,04:00,La Renegà,0.60,5.8,103,5.2,326,3,
2026-10-04,04:00,Nules,0.62,5.8,103,5.2,326,3,
2026-10-04,04:00,Peñíscola N,0.64,5.8,103,5.2,326,3,
2026-10-04,04:00,Pirámides,0.58,5.8,103,5.2,326,5,
2026-10-04,04:00,Planetario,0.62,5.8,103,5.2,326,3,
2026-10-04,04:00,Vinaròs,0.64,5.8,103,5.2,326,3,
2026-10-04,04:00,Voramar,0.48,5.8,103,5.2,326,4,
2026-10-04,05:00,Almenara,0.60,5.8,102,5.0,330,3,
2026-10-04,05:00,Burriana,0.60,5.8,102,5.0,330,3,
2026-10-04,05:00,Gurugu,0.60,5.8,102,5.0,330,3,
2026-10-04,05:00,La Renegà,0.58,5.8,102,5.0,330,3,
2026-10-04,05:00,Nules,0.60,5.8,102,5.0,330,3,
2026-10-04,05:00,Peñíscola N,0.62,5.8,102,5.0,330,3,
2026-10-04,05:00,Pirámides,0.56,5.8,102,5.0,330,5,
2026-10-04,05:00,Planetario,0.60,5.8,102,5.0,330,3,
2026-10-04,05:00,Vinaròs,0.62,5.8,102,5.0,330,3,
2026-10-04,05:00,Voramar,0.46,5.8,102,5.0,330,4,
2026-10-04,06:00,Almenara,0.58,5.8,101,4.9,324,3,
2026-10-04,06:00,Burriana,0.58,5.8,101,4.9,324,3,
2026-10-04,06:00,Gurugu,0.58,5.8,101,4.9,324,3,
2026-10-04,06:00,La Renegà,0.57,5.8,101,4.9,324,3,
2026-10-04,06:00,Nules,0.58,5.8,101,4.9,324,3,
2026-10-04,06:00,Peñíscola N,0.60,5.8,101,4.9,324,3,
2026-10-04,06:00,Pirámides,0.53,5.8,101,4.9,324,5,
2026-10-04,06:00,Planetario,0.58,5.8,101,4.9,324,3,
2026-10-04,06:00,Vinaròs,0.60,5.8,101,4.9,324,3,
2026-10-04,06:00,Voramar,0.44,5.8,101,4.9,324,4,
2026-10-04,07:00,Almenara,0.56,5.8,100,5.4,340,3,
2026-10-04,07:00,Burriana,0.56,5.8,100,5.4,340,3,
2026-10-04,07:00,Gurugu,0.56,5.8,100,5.4,340,3,
2026-10-04,07:00,La Renegà,0.55,5.8,100,5.4,340,3,
2026-10-04,07:00,Nules,0.56,5.8,100,5.4,340,3,
2026-10-04,07:00,Peñíscola N,0.58,5.8,100,5.4,340,3,
2026-10-04,07:00,Pirámides,0.51,5.8,100,5.4,340,3,
2026-10-04,07:00,Planetario,0.56,5.8,100,5.4,340,3,
2026-10-04,07:00,Vinaròs,0.58,5.8,100,5.4,340,3,
2026-10-04,07:00,Voramar,0.42,5.8,100,5.4,340,4,
2026-10-04,08:00,Almenara,0.54,5.8,99,5.7,342,3,
2026-10-04,08:00,Burriana,0.54,5.8,99,5.7,342,3,
2026-10-04,08:00,Gurugu,0.54,5.8,99,5.7,342,3,
2026-10-04,08:00,La Renegà,0.54,5.8,99,5.7,342,3,
2026-10-04,08:00,Nules,0.54,5.8,99,5.7,342,3,
2026-10-04,08:00,Peñíscola N,0.56,5.8,99,5.7,342,3,
2026-10-04,08:00,Pirámides,0.49,5.8,99,5.7,342,2,
2026-10-04,08:00,Planetario,0.54,5.8,99,5.7,342,3,
2026-10-04,08:00,Vinaròs,0.56,5.8,99,5.7,342,3,
2026-10-04,08:00,Voramar,0.39,5.8,99,5.7,342,4,
2026-10-04,09:00,Almenara,0.51,5.8,98,5.7,342,3,
2026-10-04,09:00,Burriana,0.51,5.8,98,5.7,342,3,
2026-10-04,09:00,Gurugu,0.51,5.8,98,5.7,342,3,
2026-10-04,09:00,La Renegà,0.52,5.8,98,5.7,342,3,
2026-10-04,09:00,Nules,0.51,5.8,98,5.7,342,3,
2026-10-04,09:00,Peñíscola N,0.54,5.8,98,5.7,342,3,
2026-10-04,09:00,Pirámides,0.47,5.8,98,5.7,342,2,
2026-10-04,09:00,Planetario,0.51,5.8,98,5.7,342,3,
2026-10-04,09:00,Vinaròs,0.54,5.8,98,5.7,342,3,
2026-10-04,09:00,Voramar,0.37,5.8,98,5.7,342,4,
2026-10-04,10:00,Almenara,0.51,5.7,96,4.3,312,5,
2026-10-04,10:00,Burriana,0.51,5.7,96,4.3,312,5,
2026-10-04,10:00,Gurugu,0.51,5.7,96,4.3,312,5,
2026-10-04,10:00,La Renegà,0.52,5.7,96,4.3,312,3,
2026-10-04,10:00,Nules,0.51,5.7,96,4.3,312,5,
2026-10-04,10:00,Peñíscola N,0.54,5.7,96,4.3,312,3,
2026-10-04,10:00,Pirámides,0.46,5.7,96,4.3,312,4,
2026-10-04,10:00,Planetario,0.51,5.7,96,4.3,312,5,
2026-10-04,10:00,Vinaròs,0.54,5.7,96,4.3,312,3,
2026-10-04,10:00,Voramar,0.36,5.7,96,4.3,312,4,
2026-10-04,11:00,Almenara,0.49,5.7,95,2.5,278,4,
2026-10-04,11:00,Burriana,0.49,5.7,95,2.5,278,4,
2026-10-04,11:00,Gurugu,0.49,5.7,95,2.5,278,4,
2026-10-04,11:00,La Renegà,0.51,5.7,95,2.5,278,5,
2026-10-04,11:00,Nules,0.49,5.7,95,2.5,278,4,
2026-10-04,11:00,Peñíscola N,0.52,5.7,95,2.5,278,5,
2026-10-04,11:00,Pirámides,0.44,5.7,95,2.5,278,2,
2026-10-04,11:00,Planetario,0.49,5.7,95,2.5,278,4,
2026-10-04,11:00,Vinaròs,0.52,5.7,95,2.5,278,5,
2026-10-04,11:00,Voramar,0.34,5.7,95,2.5,278,1,
2026-10-04,12:00,Almenara,0.48,5.7,94,1.3,326,2,
2026-10-04,12:00,Burriana,0.48,5.7,94,1.3,326,2,
2026-10-04,12:00,Gurugu,0.48,5.7,94,1.3,326,2,
2026-10-04,12:00,La Renegà,0.51,5.7,94,1.3,326,3,
2026-10-04,12:00,Nules,0.48,5.7,94,1.3,326,2,
2026-10-04,12:00,Peñíscola N,0.52,5.7,94,1.3,326,3,
2026-10-04,12:00,Pirámides,0.43,5.7,94,1.3,326,4,
2026-10-04,12:00,Planetario,0.48,5.7,94,1.3,326,2,
2026-10-04,12:00,Vinaròs,0.52,5.7,94,1.3,326,3,
2026-10-04,12:00,Voramar,0.33,5.7,94,1.3,326,1,
2026-10-04,13:00,Almenara,0.48,5.7,93,3.5,114,2,
2026-10-04,13:00,Burriana,0.48,5.7,93,3.5,114,2,
2026-10-04,13:00,Gurugu,0.48,5.7,93,3.5,114,2,
2026-10-04,13:00,La Renegà,0.51,5.7,93,3.5,114,3,
2026-10-04,13:00,Nules,0.48,5.7,93,3.5,114,2,
2026-10-04,13:00,Peñíscola N,0.52,5.7,93,3.5,114,3,
2026-10-04,13:00,Pirámides,0.43,5.7,93,3.5,114,2,
2026-10-04,13:00,Planetario,0.48,5.7,93,3.5,114,2,
2026-10-04,13:00,Vinaròs,0.52,5.7,93,3.5,114,3,
2026-10-04,13:00,Voramar,0.32,5.7,93,3.5,114,1,
2026-10-04,14:00,Almenara,0.47,5.7,92,4.7,148,2,
2026-10-04,14:00,Burriana,0.47,5.7,92,4.7,148,2,
2026-10-04,14:00,Gurugu,0.47,5.7,92,4.7,148,2,
2026-10-04,14:00,La Renegà,0.51,5.7,92,4.7,148,3,
2026-10-04,14:00,Nules,0.47,5.7,92,4.7,148,2,
2026-10-04,14:00,Peñíscola N,0.51,5.7,92,4.7,148,3,
2026-10-04,14:00,Pirámides,0.42,5.7,92,4.7,148,2,
2026-10-04,14:00,Planetario,0.47,5.7,92,4.7,148,2,
2026-10-04,14:00,Vinaròs,0.51,5.7,92,4.7,148,3,
2026-10-04,14:00,Voramar,0.31,5.7,92,4.7,148,1,
2026-10-04,15:00,Almenara,0.47,5.6,91,8.1,135,2,
2026-10-04,15:00,Burriana,0.47,5.6,91,8.1,135,2,
2026-10-04,15:00,Gurugu,0.47,5.6,91,8.1,135,2,
2026-10-04,15:00,La Renegà,0.51,5.6,91,8.1,135,3,
2026-10-04,15:00,Nules,0.47,5.6,91,8.1,135,2,
2026-10-04,15:00,Peñíscola N,0.51,5.6,91,8.1,135,3,
2026-10-04,15:00,Pirámides,0.41,5.6,91,8.1,135,2,
2026-10-04,15:00,Planetario,0.47,5.6,91,8.1,135,2,
2026-10-04,15:00,Vinaròs,0.51,5.6,91,8.1,135,3,
2026-10-04,15:00,Voramar,0.31,5.6,91,8.1,135,1,
2026-10-04,16:00,Almenara,0.47,5.5,90,8.1,122,2,
2026-10-04,16:00,Burriana,0.47,5.5,90,8.1,122,2,
2026-10-04,16:00,Gurugu,0.47,5.5,90,8.1,122,2,
2026-10-04,16:00,La Renegà,0.51,5.5,90,8.1,122,3,
2026-10-04,16:00,Nules,0.47,5.5,90,8.1,122,2,
2026-10-04,16:00,Peñíscola N,0.51,5.5,90,8.1,122,3,
2026-10-04,16:00,Pirámides,0.41,5.5,90,8.1,122,2,
2026-10-04,16:00,Planetario,0.47,5.5,90,8.1,122,2,
2026-10-04,16:00,Vinaròs,0.51,5.5,90,8.1,122,3,
2026-10-04,16:00,Voramar,0.30,5.5,90,8.1,122,1,
2026-10-04,17:00,Almenara,0.46,5.5,89,7.1,105,2,
2026-10-04,17:00,Burriana,0.46,5.5,89,7.1,105,2,
2026-10-04,17:00,Gurugu,0.46,5.5,89,7.1,105,2,
2026-10-04,17:00,La Renegà,0.52,5.5,89,7.1,105,3,
2026-10-04,17:00,Nules,0.46,5.5,89,7.1,105,2,
2026-10-04,17:00,Peñíscola N,0.51,5.5,89,7.1,105,3,
2026-10-04,17:00,Pirámides,0.40,5.5,89,7.1,105,2,
2026-10-04,17:00,Planetario,0.46,5.5,89,7.1,105,2,
2026-10-04,17:00,Vinaròs,0.51,5.5,89,7.1,105,3,
2026-10-04,17:00,Voramar,0.29,5.5,89,7.1,105,1,
2026-10-04,18:00,Almenara,0.46,5.4,89,7.2,108,2,
2026-10-04,18:00,Burriana,0.46,5.4,89,7.2,108,2,
2026-10-04,18:00,Gurugu,0.46,5.4,89,7.2,108,2,
2026-10-04,18:00,La Renegà,0.52,5.4,89,7.2,108,3,
2026-10-04,18:00,Nules,0.46,5.4,89,7.2,108,2,
2026-10-04,18:00,Peñíscola N,0.51,5.4,89,7.2,108,3,
2026-10-04,18:00,Pirámides,0.40,5.4,89,7.2,108,2,
2026-10-04,18:00,Planetario,0.46,5.4,89,7.2,108,2,
2026-10-04,18:00,Vinaròs,0.51,5.4,89,7.2,108,3,
2026-10-04,18:00,Voramar,0.29,5.4,89,7.2,108,1,
2026-10-04,19:00,Almenara,0.46,5.4,89,5.4,86,2,
2026-10-04,19:00,Burriana,0.46,5.4,89,5.4,86,2,
2026-10-04,19:00,Gurugu,0.46,5.4,89,5.4,86,2,
2026-10-04,19:00,La Renegà,0.52,5.4,89,5.4,86,3,
2026-10-04,19:00,Nules,0.46,5.4,89,5.4,86,2,
2026-10-04,19:00,Peñíscola N,0.51,5.4,89,5.4,86,3,
2026-10-04,19:00,Pirámides,0.40,5.4,89,5.4,86,2,
2026-10-04,19:00,Planetario,0.46,5.4,89,5.4,86,2,
2026-10-04,19:00,Vinaròs,0.51,5.4,89,5.4,86,3,
2026-10-04,19:00,Voramar,0.29,5.4,89,5.4,86,1,
2026-10-04,20:00,Almenara,0.46,5.3,89,4.8,63,2,
2026-10-04,20:00,Burriana,0.46,5.3,89,4.8,63,2,
2026-10-04,20:00,Gurugu,0.46,5.3,89,4.8,63,2,
2026-10-04,20:00,La Renegà,0.52,5.3,89,4.8,63,3,
2026-10-04,20:00,Nules,0.46,5.3,89,4.8,63,2,
2026-10-04,20:00,Peñíscola N,0.51,5.3,89,4.8,63,3,
2026-10-04,20:00,Pirámides,0.40,5.3,89,4.8,63,2,
2026-10-04,20:00,Planetario,0.46,5.3,89,4.8,63,2,
2026-10-04,20:00,Vinaròs,0.51,5.3,89,4.8,63,3,
2026-10-04,20:00,Voramar,0.29,5.3,89,4.8,63,1,
2026-10-04,21:00,Almenara,0.46,5.3,89,5.6,45,2,
2026-10-04,21:00,Burriana,0.46,5.3,89,5.6,45,2,
2026-10-04,21:00,Gurugu,0.46,5.3,89,5.6,45,2,
2026-10-04,21:00,La Renegà,0.52,5.3,89,5.6,45,3,
2026-10-04,21:00,Nules,0.46,5.3,89,5.6,45,2,
2026-10-04,21:00,Peñíscola N,0.51,5.3,89,5.6,45,3,
2026-10-04,21:00,Pirámides,0.40,5.3,89,5.6,45,2,
2026-10-04,21:00,Planetario,0.46,5.3,89,5.6,45,2,
2026-10-04,21:00,Vinaròs,0.51,5.3,89,5.6,45,3,
2026-10-04,21:00,Voramar,0.29,5.3,89,5.6,45,1,
2026-10-04,22:00,Almenara,0.46,5.3,89,5.2,16,2,
2026-10-04,22:00,Burriana,0.46,5.3,89,5.2,16,2,
2026-10-04,22:00,Gurugu,0.46,5.3,89,5.2,16,2,
2026-10-04,22:00,La Renegà,0.52,5.3,89,5.2,16,3,
2026-10-04,22:00,Nules,0.46,5.3,89,5.2,16,2,
2026-10-04,22:00,Peñíscola N,0.51,5.3,89,5.2,16,3,
2026-10-04,22:00,Pirámides,0.40,5.3,89,5.2,16,2,
2026-10-04,22:00,Planetario,0.46,5.3,89,5.2,16,2,
2026-10-04,22:00,Vinaròs,0.51,5.3,89,5.2,16,3,
2026-10-04,22:00,Voramar,0.29,5.3,89,5.2,16,1,
2026-10-04,23:00,Almenara,0.46,5.3,89,5.0,339,2,
2026-10-04,23:00,Burriana,0.46,5.3,89,5.0,339,2,
2026-10-04,23:00,Gurugu,0.46,5.3,89,5.0,339,2,
2026-10-04,23:00,La Renegà,0.52,5.3,89,5.0,339,3,
2026-10-04,23:00,Nules,0.46,5.3,89,5.0,339,2,
2026-10-04,23:00,Peñíscola N,0.51,5.3,89,5.0,339,3,
2026-10-04,23:00,Pirámides,0.40,5.3,89,5.0,339,2,
2026-10-04,23:00,Planetario,0.46,5.3,89,5.0,339,2,
2026-10-04,23:00,Vinaròs,0.51,5.3,89,5.0,339,3,
2026-10-04,23:00,Voramar,0.29,5.3,89,5.0,339,1,
